metname,inchikey,Canonical_SMILES
cpd00201,AUFGTPPARQZWDO-YPMHNXCESA-L,C1C(NC2=C(N1)NC(=NC2=O)N)CN(C=O)C3=CC=C(C=C3)C(=O)NC(CCC(=O)[O-])C(=O)[O-]
cpd03524,BHBZPCBOCZGPTF-UHFFFAOYSA-L,noinchikey_inpubchem
cpd15306,NA,noinchikey_inpubchem
cpd15307,NA,noinchikey_inpubchem
cpd15308,NA,noinchikey_inpubchem
cpd15309,NA,noinchikey_inpubchem
cpd15310,NA,noinchikey_inpubchem
cpd15311,NA,noinchikey_inpubchem
cpd15312,NA,noinchikey_inpubchem
cpd00203,LJQLQCAXBUHEAZ-UWTATZPHSA-J,C(C(C(=O)OP(=O)([O-])[O-])O)OP(=O)([O-])[O-]
cpd01155,VHRGRCVQAFMJIZ-UHFFFAOYSA-P,C(CC[NH3+])CC[NH3+]
cpd15325,STTKJLVEXMKLNA-CQSZACIVSA-L,CCCCCCCCCCCC(=O)OCC(COP(=O)([O-])[O-])O
cpd15327,NA,noinchikey_inpubchem
cpd15328,NA,noinchikey_inpubchem
cpd15329,LAYXSTYJRSVXIH-HXUWFJFHSA-L,CCCCCCCCCCCCCCCCCC(=O)OCC(COP(=O)([O-])[O-])O
cpd00922,GEJXSVNGWOSZPC-UHFFFAOYSA-N,C1CCN=C(C1)C(=O)O
cpd02431,DWAKNKKXGALPNW-UHFFFAOYSA-M,C1CC(N=C1)C(=O)[O-]
cpd15330,NA,noinchikey_inpubchem
cpd15331,FAZBDRGXCKPVJU-MRXNPFEDSA-L,CCCCCCCCCCCCCC(=O)OCC(COP(=O)([O-])[O-])O
cpd02566,INCSWYKICIYAHB-WDSKDSINSA-M,C1=CC(C(C(=C1)C(=O)[O-])O)O
cpd02120,UWOCFOFVIBZJGH-YFKPBYRVSA-L,now
cpd21488,UWOCFOFVIBZJGH-YFKPBYRVSA-L,now
cpd02498,JTEYKUFKXGDTEU-VKHMYHEASA-M,CC(C)(C(C(=O)[O-])O)O
cpd02535,PDGXJDXVGMHUIR-UJURSFKZSA-M,CCC(C)(C(C(=O)[O-])O)O
cpd02921,NAQGHJTUZRHGAC-ZZZDFHIKSA-J,C1=NC(=C(N1C2C(C(C(O2)COP(=O)([O-])[O-])O)O)N)C(=O)NC(CC(=O)[O-])C(=O)[O-]
cpd00957,NA,noinchikey_inpubchem
cpd01793,RXMWXENJQAINCC-DMTCNVIQSA-M,C(C(=O)C(C(C(=O)C(=O)[O-])O)O)O
cpd00340,NA,noinchikey_inpubchem
cpd15807,NA,noinchikey_inpubchem
cpd00516,GMKMEZVLHJARHF-SYDPRGILSA-N,C(CC(C(=O)O)N)CC(C(=O)O)N
cpd00504,GMKMEZVLHJARHF-WHFBIAKZSA-N,C(CC(C(=O)O)N)CC(C(=O)O)N
cpd00498,VUQLHQFKACOHNZ-LURJTMIESA-M,CCC(C(=O)C)(C(=O)[O-])O
cpd03049,RRUVJGASJONMDY-UHFFFAOYSA-L,CC1=C(SC(=[N+]1CC2=CN=C(N=C2N)C)C(C)O)CCOP(=O)([O-])OP(=O)([O-])[O-]
cpd02920,FCQGJGLSOWZZON-UHFFFAOYSA-L,noinchikey_inpubchem
cpd00954,NA,noinchikey_inpubchem
cpd00938,DHCUIDTZCMREHG-UHFFFAOYSA-L,C1=CC(OC1=O)(CC(=O)[O-])C(=O)[O-]
cpd00956,QKMBYNRMPRKVTO-MNOVXSKESA-K,C1=CC=C(C(=C1)C(=O)[O-])NCC(=O)C(C(COP(=O)([O-])[O-])O)O
cpd02857,PJWIPEXIFFQAQZ-PUFIMZNGSA-K,C(C(C(C(COP(=O)([O-])[O-])O)O)O)C(=O)C(=O)[O-]
cpd00480,VBUYCZFBVCCYFD-JJYYJPOSSA-M,C(C(C(C(C(=O)C(=O)[O-])O)O)O)O
cpd00712,PKVVTUWHANFMQC-UHFFFAOYSA-M,CC(C)(CO)C(=O)C(=O)[O-]
cpd15352,GDUBPWSFXUAETN-AENDIINCSA-N,CC(=CCCC(=CCCC(=CCCC(=CCCC(=CCCC(=CCCC(=CCCC(=CCC1=CC(=O)C2=CC=CC=C2C1=O)C)C)C)C)C)C)C)C
cpd15353,FGYPGICSXJEKCG-AENDIINCSA-N,CC(=CCCC(=CCCC(=CCCC(=CCCC(=CCCC(=CCCC(=CCCC(=CCC1=C(C2=CC=CC=C2C(=C1)O)O)C)C)C)C)C)C)C)C
cpd00509,KBDKAJNTYKVSEK-VPENINKCSA-L,C1C(C(OC1OP(=O)([O-])[O-])CO)O
cpd00510,ALQNUOMIEBHXQG-CRCLSJGQSA-L,C(C=O)C(C(COP(=O)([O-])[O-])O)O
cpd00868,GQYBCIHRWMPOOF-YVMONPNESA-M,C1=CC(=CC=C1C=C(C(=O)[O-])O)O
cpd01553,CQRYARSYNCAZFO-UHFFFAOYSA-N,C1=CC=C(C(=C1)CO)O
cpd00524,VYEGBDHSGHXOGT-HYFGLKJPSA-N,noinchikey_inpubchem
cpd01710,NJMGRJLQRLFQQX-HYXAFXHYSA-L,CC(C)C(=CC(=O)[O-])C(=O)[O-]
cpd02124,NHNODHRSCRALBF-NQNBQJKNSA-J,CC(C(=O)C)C(=O)SCCNC(=O)CCNC(=O)C(C(C)(C)COP(=O)([O-])OP(=O)([O-])OCC1C(C(C(O1)N2C=NC3=C(N=CN=C32)N)O)OP(=O)([O-])[O-])O
cpd02894,AGQJQCFEPUVXNK-UHFFFAOYSA-K,CC1=NC=C(C(=N1)N)COP(=O)([O-])OP(=O)([O-])[O-]
cpd08286,XMWHRVNVKDKBRG-UHNVWZDZSA-L,CC(CO)(C(COP(=O)([O-])[O-])O)O
cpd08301,SFRQRNJMIIUYDI-UHNVWZDZSA-L,CC1(C(COP(=O)(OP(=O)(O1)[O-])[O-])O)CO
cpd00287,VOKUMXABRRXHAR-UHFFFAOYSA-M,CC(C=O)C(=O)[O-]
cpd00094,TYEYBOSBBBHJIV-UHFFFAOYSA-M,CCC(=O)C(=O)[O-]
cpd03445,YGTMSXVYLRCOLD-MGDAWYEDSA-N,noinchikey_inpubchem
cpd03447,AFTBILPWMUSGIN-MYCGWMCTSA-N,CC(=CCCC(=CCCC(=CCCC(=CCCC(=CCCC(=CCCC(=CCCC(=CCC1=CC(=O)C=C(C1=O)OC)C)C)C)C)C)C)C)C
cpd03449,QURLIMHPCRKMJP-WDXILIIOSA-N,CC1=C(C(=C(C(=C1O)O)OC)O)CC=C(C)CCC=C(C)CCC=C(C)CCC=C(C)CCC=C(C)CCC=C(C)CCC=C(C)CCC=C(C)C
cpd03448,FLYBTLROCQBHMR-KFSSTAEESA-N,CC1=C(C(=O)C(=CC1=O)OC)CC=C(C)CCC=C(C)CCC=C(C)CCC=C(C)CCC=C(C)CCC=C(C)CCC=C(C)CCC=C(C)C
cpd03446,MYNOBJRQIKYBRD-MGHGRUFNSA-N,noinchikey_inpubchem
cpd03444,VUNQJPPPTJIREN-CMAXTTDKSA-N,CC(=CCCC(=CCCC(=CCCC(=CCCC(=CCCC(=CCCC(=CCCC(=CCC1=CC=CC=C1O)C)C)C)C)C)C)C)C
cpd08288,HTJXTKBIUVFUAR-XHIBXCGHSA-J,CC(CO)(C(COP(=O)([O-])OP(=O)([O-])OCC1C(C(C(O1)N2C=CC(=NC2=O)N)O)O)O)OP(=O)([O-])[O-]
cpd00482,GXIURPTVHJPJLF-UWTATZPHSA-K,C(C(C(=O)[O-])OP(=O)([O-])[O-])O
cpd00727,ASCFNMCAHFUBCO-UHFFFAOYSA-K,C(C(=O)[O-])OP(=O)([O-])[O-]
cpd03451,QJYRAJSESKVEAE-PSASIEDQSA-L,C1=CC(C(C(=C1)C(=O)CCC(=O)[O-])C(=O)[O-])O
cpd02693,RNQHMTFBUSSBJQ-CRCLSJGQSA-L,CC(C)C(C(C(=O)[O-])O)C(=O)[O-]
cpd01646,BITYXLXUCSKTJS-ZETCQYMHSA-L,CC(C)C(CC(=O)[O-])(C(=O)[O-])O
cpd02605,HIIZAGQWABAMRR-BYPYZUCNSA-L,CC(C)C(C(=O)C(=O)[O-])C(=O)[O-]
cpd00699,WVMWZWGZRAXUBK-SYTVJDICSA-M,C1C(C(C(=O)CC1(C(=O)[O-])O)O)O
cpd01716,SLWWJZMPHJJOPH-PHDIDXHHSA-M,C1C(C(C(=O)C=C1C(=O)[O-])O)O
cpd09844,OTEACGAEDCIMBS-NOTSHUFBSA-I,CC(C)(COP(=O)([O-])OP(=O)([O-])OCC1C(C(C(O1)N2C=NC3=C(N=CN=C32)N)O)OP(=O)([O-])[O-])C(C(=O)NCCC(=O)NCCSC(=O)CC(CCC(=O)[O-])O)O
cpd00842,QHHKKMYHDBRONY-VKBDFPRVSA-J,CC(CC(=O)SCCNC(=O)CCNC(=O)C(C(C)(C)COP(=O)([O-])OP(=O)([O-])OCC1C(C(C(O1)N2C=NC3=C(N=CN=C32)N)O)OP(=O)([O-])[O-])O)O
cpd11478,NA,noinchikey_inpubchem
cpd15368,NA,noinchikey_inpubchem
cpd15370,NA,noinchikey_inpubchem
cpd11480,NA,noinchikey_inpubchem
cpd11482,NA,noinchikey_inpubchem
cpd03122,VAAHKRMGOFIORX-IKTBLOROSA-J,CCCC(CC(=O)SCCNC(=O)CCNC(=O)C(C(C)(C)COP(=O)([O-])OP(=O)([O-])OCC1C(C(C(O1)N2C=NC3=C(N=CN=C32)N)O)OP(=O)([O-])[O-])O)O
cpd11479,NA,noinchikey_inpubchem
cpd02691,PEKYNTFSOBAABV-LQUDNSJZSA-J,CC(C(C)O)C(=O)SCCNC(=O)CCNC(=O)C(C(C)(C)COP(=O)([O-])OP(=O)([O-])OCC1C(C(C(O1)N2C=NC3=C(N=CN=C32)N)O)OP(=O)([O-])[O-])O
cpd02569,DNOPJXBPONYBLB-UHFFFAOYSA-M,CC(C)(C(=O)C(=O)[O-])O
cpd00876,DBXBTMSZEOQQDU-UHFFFAOYSA-M,CC(CO)C(=O)[O-]
cpd11484,NA,noinchikey_inpubchem
cpd15371,NA,noinchikey_inpubchem
cpd11483,NA,noinchikey_inpubchem
cpd11481,NA,noinchikey_inpubchem
cpd02210,NQEQTYPJSIEPHW-MNOVXSKESA-L,C1=CC=C2C(=C1)C(=CN2)C(C(COP(=O)([O-])[O-])O)O
cpd00123,QHKABHOOEWYVLI-UHFFFAOYSA-M,CC(C)C(=O)C(=O)[O-]
cpd00508,JVQYSWDUAOAHFM-BYPYZUCNSA-M,CCC(C)C(=O)C(=O)[O-]
cpd11489,NA,noinchikey_inpubchem
cpd11487,NA,noinchikey_inpubchem
cpd03123,NFOYYXQAVVYWKV-HDRQGHTBSA-J,CCCC(=O)CC(=O)SCCNC(=O)CCNC(=O)C(C(C)(C)COP(=O)([O-])OP(=O)([O-])OCC1C(C(C(O1)N2C=NC3=C(N=CN=C32)N)O)OP(=O)([O-])[O-])O
cpd11486,NA,noinchikey_inpubchem
cpd11491,NA,noinchikey_inpubchem
cpd11490,NA,noinchikey_inpubchem
cpd11485,NA,noinchikey_inpubchem
cpd03443,UTIBHEBNILDQKX-LQOKPSQISA-M,CC(=CCCC(=CCCC(=CCCC(=CCCC(=CCCC(=CCCC(=CCCC(=CCC1=C(C=CC(=C1)C(=O)[O-])O)C)C)C)C)C)C)C)C
cpd00169,OSJPPGNTCRNQQC-UWTATZPHSA-K,C(C(C(=O)[O-])O)OP(=O)([O-])[O-]
cpd02069,LFLUCDOSQPJJBE-UHFFFAOYSA-K,C(C(=O)C(=O)[O-])OP(=O)([O-])[O-]
cpd00932,QUTYKIXIUDQOLK-PRJMDXOYSA-J,C=C(C(=O)[O-])OC1CC(=CC(C1O)OP(=O)([O-])[O-])C(=O)[O-]
cpd03034,PHENTZNALBMCQD-UHFFFAOYSA-M,CC(CNC(=O)N)C(=O)[O-]
cpd00281,BTCSSZJGUNDROE-UHFFFAOYSA-N,C(CC(=O)O)CN
cpd00434,DZQLQEYLEYWJIB-UHFFFAOYSA-O,C(CC=O)C[NH3+]
cpd00443,ALYNCZNDIQEVRV-UHFFFAOYSA-M,C1=CC(=CC=C1C(=O)[O-])N
cpd08210,OIUJHGOLFKDBSU-HTQZYQBOSA-M,C=C(C(=O)[O-])OC1C=C(C=CC1[NH3+])C(=O)[O-]
cpd00939,VUTBELPREDJDDH-UHFFFAOYSA-N,CC1=NC=C(C(=N1)N)CO
cpd02775,SSWDVESQMBHOQT-UHFFFAOYSA-N,noinchikey_inpubchem
cpd08287,YFAUKWZNPVBCFF-XHIBXCGHSA-L,CC(CO)(C(COP(=O)([O-])OP(=O)([O-])OCC1C(C(C(O1)N2C=CC(=NC2=O)N)O)O)O)O
cpd01042,IWDCLRJOBJJRNH-UHFFFAOYSA-N,CC1=CC=C(C=C1)O
cpd00780,GACSIVHAIFQKTC-OWOJBTEDSA-L,C(C(=O)CC(=O)[O-])C(=O)C=CC(=O)[O-]
cpd15378,BVJSUAQZOZWCKN-UHFFFAOYSA-N,C1=CC(=CC=C1CO)O
cpd00484,RGHHSNMVTDWUBI-UHFFFAOYSA-N,C1=CC(=CC=C1C=O)O
cpd00136,FJKROLUGYXJWQN-UHFFFAOYSA-M,C1=CC(=CC=C1C(=O)[O-])O
cpd03608,JBNUARFQOCGDRK-GBXIJSLDSA-N,C(C(C(C(=O)O)N)O)O
cpd00200,BKAJNAXTPSGJCU-UHFFFAOYSA-M,CC(C)CC(=O)C(=O)[O-]
cpd02654,OCYMERZCMYJQQO-UHFFFAOYSA-L,CC1=C(SC=N1)CCOP(=O)([O-])[O-]
cpd01977,IXZNKTPIYKDIGG-REOHCLBHSA-L,C(C(C(=O)[O-])[NH3+])C(=O)OP(=O)([O-])[O-]
cpd02201,XHFVGHPGDLDEQO-ZETCQYMHSA-K,CC(C)(COP(=O)([O-])[O-])C(C(=O)NCCC(=O)[O-])O
cpd02666,XQYALQVLCNHCFT-CBAPKCEASA-K,CC(C)(COP(=O)([O-])[O-])C(C(=O)NCCC(=O)NC(CS)C(=O)[O-])O
cpd02882,XKQZIXVJVUPORE-RPDRRWSUSA-N,C(C(C(C(CO)O)O)O)NC1=C(C(=O)NC(=O)N1)N
cpd00673,NBAKTGXDIBVZOO-UHFFFAOYSA-N,CC1CNC(=O)NC1=O
cpd00337,OIVLITBTBDPEFK-UHFFFAOYSA-N,C1CNC(=O)NC1=O
cpd02893,XFVULMDJZXYMSG-ZIYNGMLESA-L,C1=NC(=C(N1C2C(C(C(O2)COP(=O)([O-])[O-])O)O)N)C(=O)O
cpd00338,ZGXJTSGNIOSYLO-UHFFFAOYSA-N,C(CC(=O)O)C(=O)CN
cpd00729,OTIAVLWNTIXJDO-UHFFFAOYSA-O,C(CC[NH3+])CC(=O)N
cpd02720,RQRINYISXYAZKL-RPDRRWSUSA-L,C(C(C(C(COP(=O)([O-])[O-])O)O)O)NC1=C(C(=O)NC(=O)N1)N
cpd00931,LZEXYCAGPMYXLX-UMMCILCDSA-L,C(C1C(C(C(O1)NC2=C(C(=O)NC(=O)N2)N)O)O)OP(=O)([O-])[O-]
cpd00339,JJMDCOVWQOJGCB-UHFFFAOYSA-N,C(CCN)CC(=O)O
cpd11310,JHLXDWGVSYMXPL-XVFCMESISA-K,C1=C(N(C=N1)C2C(C(C(O2)COP(=O)([O-])[O-])O)O)NC(=O)[O-]
cpd02197,VVIAGPKUTFNRDU-STQMWFEESA-L,C1C(N(C2=C(N1)NC(=NC2=O)N)C=O)CNC3=CC=C(C=C3)C(=O)NC(CCC(=O)[O-])C(=O)[O-]
cpd08625,LTQYPAVLAYVKTK-UHFFFAOYSA-N,C12=NC(=O)NC1(C(=O)NC(=O)N2)O
cpd09027,WHKYNCPIXMNTRQ-UHFFFAOYSA-M,C1(=NC(=O)NC1(C(=O)[O-])O)NC(=O)N
cpd00147,WUUGFSXJNOTRMR-IOSLPCCCSA-N,CSCC1C(C(C(O1)N2C=NC3=C(N=CN=C32)N)O)O
cpd00345,ZNOVTXRBGFNYRX-STQMWFEESA-L,CN1C(CNC2=C1C(=O)N=C(N2)N)CNC3=CC=C(C=C3)C(=O)NC(CCC(=O)[O-])C(=O)[O-]
cpd02738,HVRNKDVLFAVCJF-VJANTYMQSA-J,CN1C(CNC2=C1C(=O)N=C(N2)N)CNC3=CC=C(C=C3)C(=O)NC(CCC(=O)NC(CCC(=O)NC(CCC(=O)[O-])C(=O)[O-])C(=O)[O-])C(=O)[O-]
cpd01981,ACWASDPGAVYCNI-JKUQZMGJSA-N,CSCC(C(C(C=O)O)O)O
cpd02255,ZPEHSARSWGDCEX-UHFFFAOYSA-M,C1C=C(OC1=O)CC(=O)[O-]
cpd02904,ZMRGXEJKZPRBPJ-SYQHCUMBSA-L,CC1=CC2=C(C=C1C)N(C=N2)C3C(C(C(O3)COP(=O)([O-])[O-])O)O
cpd02074,GWENQMVPLJAMAE-UHFFFAOYSA-N,C(CCN)CC(=O)C(=O)O
cpd03198,DLRVVLDZNNYCBX-ABXHMFFYSA-N,C(C1C(C(C(C(O1)OCC2C(C(C(C(O2)O)O)O)O)O)O)O)O
cpd00284,BIRSGZKFKXLSJQ-SQOUGZDYSA-K,C(C(C(C(C(C(=O)[O-])O)O)O)O)OP(=O)([O-])[O-]
cpd00911,IJOJIVNDFQSGAB-SQOUGZDYSA-L,C(C1C(C(C(C(=O)O1)O)O)O)OP(=O)([O-])[O-]
cpd04122,LYIIBVSRGJSHAV-UHFFFAOYSA-O,C(C=O)[NH3+]
cpd00279,OJFDKHTZOUZBOS-CITAKDKDSA-J,CC(=O)CC(=O)SCCNC(=O)CCNC(=O)C(C(C)(C)COP(=O)([O-])OP(=O)([O-])OCC1C(C(C(O1)N2C=NC3=C(N=CN=C32)N)O)OP(=O)([O-])[O-])O
cpd00029,QTBSBXVTEAMEQO-UHFFFAOYSA-M,CC(=O)[O-]
cpd00142,WDJHALXBUFZDSR-UHFFFAOYSA-M,CC(=O)CC(=O)[O-]
cpd11494,NA,noinchikey_inpubchem
cpd00071,IKHGUXGNUITLKF-UHFFFAOYSA-N,CC=O
cpd00022,ZSLZBFCDCINBPY-ZSJPKINUSA-J,CC(=O)SCCNC(=O)CCNC(=O)C(C(C)(C)COP(=O)([O-])OP(=O)([O-])OCC1C(C(C(O1)N2C=NC3=C(N=CN=C32)N)O)OP(=O)([O-])[O-])O
cpd02552,FCVIHFVSXHOPSW-YFKPBYRVSA-K,CC(=O)NC(CCC(=O)OP(=O)([O-])[O-])C(=O)[O-]
cpd00918,BCPSFKBPHHBDAI-LURJTMIESA-M,CC(=O)NC(CCC=O)C(=O)[O-]
cpd00122,OVRNDRQMDRJTHS-RTRLPJTCSA-N,CC(=O)NC1C(C(C(OC1O)CO)O)O
cpd02611,FZLJPEPAYPUMMR-RTRLPJTCSA-L,noinchikey_inpubchem
cpd00293,BRGMHAYQAZFZDJ-RTRLPJTCSA-L,CC(=O)NC1C(C(C(OC1O)COP(=O)([O-])[O-])O)O
cpd00477,RFMMMVDNIPUKGG-YFKPBYRVSA-L,CC(=O)NC(CCC(=O)[O-])C(=O)[O-]
cpd00790,FCXZBWSIAGGPCB-YFKPBYRVSA-N,CC(=O)OCCC(C(=O)O)N
cpd00492,MBLBDJOUHNCFQT-XAMCCFCMSA-N,CC(=O)NC(C=O)C(C(C(CO)O)O)O
cpd00331,GTZCVFVGUGFEME-IWQZZHSRSA-K,C(C(=CC(=O)[O-])C(=O)[O-])C(=O)[O-]
cpd01563,GTZCVFVGUGFEME-HNQUOIGGSA-K,C(C(=CC(=O)[O-])C(=O)[O-])C(=O)[O-]
cpd08353,BRYKYSQCLNCYQW-DUXPYHPUSA-L,COC(=O)C(=CC(=O)[O-])CC(=O)[O-]
cpd00342,JRLGPAXAGHMNOL-LURJTMIESA-N,CC(=O)NC(CCCN)C(=O)O
cpd11493,NA,noinchikey_inpubchem
cpd00722,VZXPDPZARILFQX-BYPYZUCNSA-N,CC(=O)OCC(C(=O)O)N
cpd11488,NA,noinchikey_inpubchem
cpd00196,LIPOUNRJVLNBCD-UHFFFAOYSA-L,CC(=O)OP(=O)([O-])[O-]
cpd03916,OCNLJCZKGHKJGF-QOCQOLRHSA-N,noinchikey_inpubchem
cpd00128,GFFGJBXGBJISGV-UHFFFAOYSA-N,C1=NC2=NC=NC(=C2N1)N
cpd00836,ARGXEXVCHMNAQU-UHFFFAOYSA-N,CC(=O)SC(CCCCC(=O)N)CCS
cpd00182,OIRDTQYFTABQOQ-KQYNXXCUSA-N,C1=NC(=C2C(=N1)N(C=N2)C3C(C(C(O3)CO)O)O)N
cpd03918,KQXSPGAEBZWHMC-OCUXTBADSA-N,noinchikey_inpubchem
cpd03919,MQCMBMUJJHSGIF-QMUWONGRSA-K,noinchikey_inpubchem
cpd00166,ZIHHMGTYZOSFRC-QRVZQHAISA-N,noinchikey_inpubchem
cpd00008,XTWYTFMLZFPYCI-KQYNXXCUSA-K,C1=NC(=C2C(=N1)N(C=N2)C3C(C(C(O3)COP(=O)([O-])OP(=O)([O-])[O-])O)O)N
cpd00387,WFPZSXYXPSUOPY-ROYWQJLOSA-L,C1=NC(=C2C(=N1)N(C=N2)C3C(C(C(O3)COP(=O)([O-])OP(=O)([O-])OC4C(C(C(C(O4)CO)O)O)O)O)O)N
cpd00251,SRNWOUGRCWSEMX-TYASJMOZSA-L,C1=NC(=C2C(=N1)N(C=N2)C3C(C(C(O3)COP(=O)([O-])OP(=O)([O-])OCC4C(C(C(O4)O)O)O)O)O)N
cpd03920,IQTYKHRKNGVJEO-RRMAJTJESA-K,noinchikey_inpubchem
cpd00152,QYPPJABKJHAVHS-UHFFFAOYSA-P,C(CC[NH+]=C(N)N)C[NH3+]
cpd00019,ZJUKTBDSGOFHSH-WFMPWKQPSA-N,C1=NC(=C2C(=N1)N(C=N2)C3C(C(C(O3)CSCCC(C(=O)O)N)O)O)N
cpd02978,DGGUVLXVLHAAGT-XINAWCOVSA-J,C1C(=NC2=C(N1)NC(=NC2=O)N)C(C(COP(=O)([O-])OP(=O)([O-])OP(=O)([O-])[O-])O)O
cpd02851,NOTGFIUVDGNKRI-UUOKFMHZSA-L,C1=NC(=C(N1C2C(C(C(O2)COP(=O)([O-])[O-])O)O)N)C(=O)N
cpd02140,PDACUKOKVHBVHJ-ZRTZXPPTSA-M,C1=C([N+](=CN1)C2C(C(C(O2)COP(=O)([O-])[O-])O)O)N
cpd00024,KPGXRSRHYNQIFN-UHFFFAOYSA-L,C(CC(=O)[O-])C(=O)C(=O)[O-]
cpd00117,QNAYBMKLOCPYGJ-UWTATZPHSA-N,CC(C(=O)O)N
cpd00035,QNAYBMKLOCPYGJ-REOHCLBHSA-N,CC(C(=O)O)N
cpd00085,UCMIRNVEIXFBKS-UHFFFAOYSA-N,C(CN)C(=O)O
cpd00731,DEFJQIDDEAULHB-QWWZWVQMSA-N,CC(C(=O)NC(C)C(=O)O)N
cpd00668,NMDWGEGFJUBKLB-YFKPBYRVSA-M,CC(=O)C(C)(C(=O)[O-])O
cpd00742,AVWRKZWQTYIKIY-UHFFFAOYSA-M,C(=O)(N)NC(=O)[O-]
cpd01092,POJWUDADGALRAB-UHFFFAOYSA-N,C1(C(=O)NC(=O)N1)NC(=O)N
cpd00017,MEFKEPWMEQBLKI-AIRLBKTGSA-O,C[S+](CCC(C(=O)O)N)CC1C(C(C(O1)N2C=NC3=C(N=CN=C32)N)O)O
cpd00837,ZUNBITIXDCPNSD-LSRJEVITSA-O,C[S+](CCC[NH3+])CC1C(C(C(O1)N2C=NC3=C(N=CN=C32)N)O)O
cpd00018,UDMBCSSLTHHNCD-KQYNXXCUSA-L,C1=NC(=C2C(=N1)N(C=N2)C3C(C(C(O3)COP(=O)([O-])[O-])O)O)N
cpd15396,NA,noinchikey_inpubchem
cpd15397,ZWZMFRJKRXDGBE-UHFFFAOYSA-L,noinchikey_inpubchem
cpd15398,ZTOWCORYLXDAAW-JOUWMGDHSA-L,noinchikey_inpubchem
cpd15399,NA,noinchikey_inpubchem
cpd15400,KGVLFEPQSVUIRC-FYQNUYSYSA-L,CC(C(=O)NC(CCC(=O)[O-])C(=O)NC(CCCC(C(=O)[O-])[NH3+])C(=O)[O-])NC(=O)C(C)OC1C(COC(C1O)CO)NC(=O)C
cpd15401,OUWAMZWZTFUVMV-NPLPHQDTSA-L,noinchikey_inpubchem
cpd00093,RWZYAGGXGHYGMB-UHFFFAOYSA-M,C1=CC=C(C(=C1)C(=O)[O-])N
cpd12370,NA,noinchikey_inpubchem
cpd01504,PCXDJQZLDDHMGX-UHFFFAOYSA-O,C(C[NH3+])C=O
cpd00193,IRLPACMLTUPBCL-KQYNXXCUSA-L,C1=NC(=C2C(=N1)N(C=N2)C3C(C(C(O3)COP(=O)([O-])OS(=O)(=O)[O-])O)O)N
cpd00185,SRBFZHDQGSBBOR-ZRMNMSDTSA-N,C1C(C(C(C(O1)O)O)O)O
cpd00224,PYMYPHUHKUWMLA-VAYJURFESA-N,C(C(C(C(C=O)O)O)O)O
cpd03696,BJRNKVDFDLYUGJ-RMPHRYRLSA-N,C1=CC(=CC=C1O)OC2C(C(C(C(O2)CO)O)O)O
cpd03697,FBHYCDOVYMVLEN-RMPHRYRLSA-L,C1=CC(=CC=C1O)OC2C(C(C(C(O2)COP(=O)([O-])[O-])O)O)O
cpd00051,ODKSFYDXXFIFQN-BYPYZUCNSA-O,C(CC(C(=O)[O-])[NH3+])C[NH+]=C(N)N
cpd02152,KDZOASGQNOPSCU-ZBHICJROSA-M,C(CC(C(=O)[O-])[NH3+])C[NH+]=C(N)NC(CC(=O)[O-])C(=O)[O-]
cpd00132,DCXYFEDJOCDNAF-REOHCLBHSA-N,C(C(C(=O)O)N)C(=O)N
cpd00041,CKLJMWTZIZZHCS-REOHCLBHSA-M,C(C(C(=O)[O-])[NH3+])C(=O)[O-]
cpd00346,HOSWPDPVFBCLSY-VKHMYHEASA-N,C(C=O)C(C(=O)O)N
cpd00002,ZKHQWZAMYRWXGA-KQYNXXCUSA-J,C1=NC(=C2C(=N1)N(C=N2)C3C(C(C(O3)COP(=O)([O-])OP(=O)([O-])OP(=O)([O-])[O-])O)O)N
cpd00650,KFWWCMJSYSSPSK-PAXLJYGASA-J,CC=CC(=O)SCCNC(=O)CCNC(=O)C(C(C)(C)COP(=O)([O-])OP(=O)([O-])OCC1C(C(C(O1)N2C=NC3=C(N=CN=C32)N)O)OP(=O)([O-])[O-])O
cpd00447,SXKNCCSPZDCRFD-UHFFFAOYSA-N,C[N+](C)(C)CC=O
cpd03517,UTQCSTJVMLODHM-RHCAYAJFSA-N,C1C2C(C(S1)CCCCC(=O)OP(=O)(O)OCC3C(C(C(O3)N4C=NC5=C(N=CN=C54)N)O)O)NC(=O)N2
cpd00120,CRFNGMNYKDXRTN-CITAKDKDSA-J,CCCC(=O)SCCNC(=O)CCNC(=O)C(C(C)(C)COP(=O)([O-])OP(=O)([O-])OCC1C(C(C(O1)N2C=NC3=C(N=CN=C32)N)O)OP(=O)([O-])[O-])O
cpd00104,YBJHBAHKTGYVGT-ZKWXMUAHSA-M,C1C2C(C(S1)CCCCC(=O)[O-])NC(=O)N2
cpd12848,NA,noinchikey_inpubchem
cpd11465,NA,noinchikey_inpubchem
cpd11464,NA,noinchikey_inpubchem
cpd00063,BHPQYMZQTOCNFJ-UHFFFAOYSA-N,[Ca+2]
cpd01720,JSJWCHRYRHKBBW-UHFFFAOYSA-M,C(CNC(=O)N)C(=O)[O-]
cpd00343,HLKXYZVTANABHZ-REOHCLBHSA-L,C(C(C(=O)[O-])NC(=O)N)C(=O)[O-]
cpd03422,XQRJFEVDQXEIAX-JFYQDRLCSA-M,noinchikey_inpubchem
cpd00635,OMAOKVYASDIYQG-DSRCUDDDSA-L,noinchikey_inpubchem
cpd01101,KXDHJXZQYSOELW-UHFFFAOYSA-M,C(=O)(N)[O-]
cpd00146,FFQKYPRQEYGKAF-UHFFFAOYSA-L,C(=O)(N)OP(=O)([O-])[O-]
cpd12543,NA,noinchikey_inpubchem
cpd01012,WLZRMCYVCSSEQC-UHFFFAOYSA-N,[Cd+2]
cpd00096,ZWIADYZPOWUWEW-XVFCMESISA-K,C1=CN(C(=O)N=C1N)C2C(C(C(O2)COP(=O)([O-])OP(=O)([O-])[O-])O)O
cpd15417,NA,noinchikey_inpubchem
cpd15418,LBKBJHVQQNUXGQ-BQUKFSKHSA-L,noinchikey_inpubchem
cpd15419,NA,noinchikey_inpubchem
cpd15420,KISJWPWNABZPGN-IGIWICMZSA-L,noinchikey_inpubchem
cpd15421,PDCWLWQTNQCGRI-IGIWICMZSA-L,CCCCCCCCCCCCCCCCCC(=O)OCC(COP(=O)([O-])OP(=O)([O-])OCC1C(C(C(O1)N2C=CC(=NC2=O)N)O)O)OC(=O)CCCCCCCCCCCCCCCCC
cpd15422,VDJIEKQUDMPHPA-WNAWUNHNSA-L,noinchikey_inpubchem
cpd15423,ICFWXMWHAMIZGF-WNAWUNHNSA-L,CCCCCCCCCCCCCC(=O)OCC(COP(=O)([O-])OP(=O)([O-])OCC1C(C(C(O1)N2C=CC(=NC2=O)N)O)O)OC(=O)CCCCCCCCCCCCC
cpd00402,HHPOUCCVONEPRK-JBSYKWBFSA-L,C1=CN(C(=O)N=C1N)C2C(C(C(O2)COP(=O)([O-])OP(=O)([O-])OCC(CO)O)O)O
cpd00158,GUBGYTABKSRVRQ-QRZGKKJRSA-N,C(C1C(C(C(C(O1)OC2C(OC(C(C2O)O)O)CO)O)O)O)O
cpd02760,ITPHOIFCAFNCLL-QRZGKKJRSA-L,C(C1C(C(C(C(O1)O)O)O)OC2C(C(C(C(O2)COP(=O)([O-])[O-])O)O)O)O
cpd01017,ZUKPVRWZDMRIEO-VKHMYHEASA-N,C(C(C(=O)NCC(=O)O)N)S
cpd00098,OEYIOHPDSNJKLS-UHFFFAOYSA-N,C[N+](C)(C)CCO
cpd00216,WTFXTQVDAKGDEY-HTQZYQBOSA-L,C=C(C(=O)[O-])OC1C=C(C=CC1O)C(=O)[O-]
cpd01157,NA,noinchikey_inpubchem
cpd00137,KRKNYBCHXYNGOX-UHFFFAOYSA-K,C(C(=O)[O-])C(CC(=O)[O-])(C(=O)[O-])O
cpd00274,RHGKLRLOHDJJDR-BYPYZUCNSA-N,C(CC(C(=O)O)N)CNC(=O)N
cpd00099,VEXZGXHMUGYJMC-UHFFFAOYSA-M,[Cl-]
cpd00046,IERHLVCPSMICTF-XVFCMESISA-L,C1=CN(C(=O)N=C1N)C2C(C(C(O2)COP(=O)([O-])[O-])O)O
cpd02692,KACPVQQHDVBVFC-OIFXTYEKSA-M,C(=CC(=C(C(=O)[O-])[NH3+])C(=O)[O-])C=O
cpd00204,UGFAIRIUMAVXCW-UHFFFAOYSA-N,[C-]#[O+]
cpd03915,NKLHEMWEQJCPPF-OKJGWHJPSA-H,noinchikey_inpubchem
cpd00011,CURLTUGMZLYLDI-UHFFFAOYSA-N,C(=O)=O
cpd00010,RGJOEKWQDUBAIZ-IBOSZNHHSA-J,CC(C)(COP(=O)([O-])OP(=O)([O-])OCC1C(C(C(O1)N2C=NC3=C(N=CN=C32)N)O)OP(=O)([O-])[O-])C(C(=O)NCCC(=O)NCCS)O
cpd00149,XLJKHNWPARRRJB-UHFFFAOYSA-N,[Co+2]
cpd02083,NIUVHXTXUXOFEB-UHFFFAOYSA-J,CC1=C2CC3=C(C(=C(N3)CC4=C(C(=C(N4)CC5=C(C(=C(N5)CC(=C1CCC(=O)[O-])N2)C)CCC(=O)[O-])C)CCC(=O)[O-])CCC(=O)[O-])C
cpd00052,PCDQPRRSZKQHHS-XVFCMESISA-J,C1=CN(C(=O)N=C1N)C2C(C(C(O2)COP(=O)([O-])OP(=O)([O-])OP(=O)([O-])[O-])O)O
cpd00058,JPVYNHNXODAKFH-UHFFFAOYSA-N,[Cu+2]
cpd00084,XUJNEKJLAYXESH-REOHCLBHSA-N,C(C(C(=O)O)N)S
cpd19019,ILRYLPWNYFXEMH-WHFBIAKZSA-N,C(CSCC(C(=O)O)N)C(C(=O)O)N
cpd00367,UHDGCWIWMRVCDJ-XVFCMESISA-N,C1=CN(C(=O)N=C1N)C2C(C(C(O2)CO)O)O
cpd00438,OLXZPDWKRNYJJZ-RRKCRQDMSA-N,C1C(C(OC1N2C=NC3=C(N=CN=C32)N)CO)O
cpd03091,XGYIMTFOTBMPFP-KQYNXXCUSA-N,CC1C(C(C(O1)N2C=NC3=C(N=CN=C32)N)O)O
cpd00177,DAEAPNUQQAICNR-RRKCRQDMSA-K,C1C(C(OC1N2C=NC3=C(N=CN=C32)N)COP(=O)([O-])OP(=O)([O-])[O-])O
cpd00294,KHWCHTKSEGGWEX-RRKCRQDMSA-L,C1C(C(OC1N2C=NC3=C(N=CN=C32)N)COP(=O)([O-])[O-])O
cpd00115,SUYVUBYJARFZHO-RRKCRQDMSA-J,C1C(C(OC1N2C=NC3=C(N=CN=C32)N)COP(=O)([O-])OP(=O)([O-])OP(=O)([O-])[O-])O
cpd11225,OKYHYXLCTGGOLM-UHFFFAOYSA-L,CC(=O)C(COP(=O)([O-])[O-])O
cpd03129,MGNBGCRQQFMNBM-YJHHLLFWSA-J,CCCCCCCC=CC(=O)SCCNC(=O)CCNC(=O)C(C(C)(C)COP(=O)([O-])OP(=O)([O-])OCC1C(C(C(O1)N2C=NC3=C(N=CN=C32)N)O)OP(=O)([O-])[O-])O
cpd01107,NA,noinchikey_inpubchem
cpd11474,NA,noinchikey_inpubchem
cpd03128,NA,noinchikey_inpubchem
cpd02375,OFBHPPMPBOJXRT-DPXQIYNJSA-J,C1=NC(=C2C(=N1)N(C=N2)C3C(C(C(O3)COP(=O)([O-])[O-])O)O)NC(CC(=O)[O-])C(=O)[O-]
cpd00533,FTDHDKPUHBLBTL-SHYZEUOFSA-K,C1C(C(OC1N2C=CC(=NC2=O)N)COP(=O)([O-])OP(=O)([O-])[O-])O
cpd00206,NCMVOABPESMRCP-SHYZEUOFSA-L,C1C(C(OC1N2C=CC(=NC2=O)N)COP(=O)([O-])[O-])O
cpd00356,RGWHQCVHVJXOKC-SHYZEUOFSA-J,C1C(C(OC1N2C=CC(=NC2=O)N)COP(=O)([O-])OP(=O)([O-])OP(=O)([O-])[O-])O
cpd00654,CKTSBUTUHBMZGZ-SHYZEUOFSA-N,C1C(C(OC1N2C=CC(=NC2=O)N)CO)O
cpd02060,IRFYVBULXZMEDE-DEEZISNZSA-J,CCCCCCCCCC=CC(=O)SCCNC(=O)CCNC(=O)C(C(C)(C)COP(=O)([O-])OP(=O)([O-])OCC1C(C(C(O1)N2C=NC3=C(N=CN=C32)N)O)OP(=O)([O-])[O-])O
cpd01741,NA,noinchikey_inpubchem
cpd11468,NA,noinchikey_inpubchem
cpd01260,YMCXGHLSVALICC-GMHMEAMDSA-J,CCCCCCCCCCCC(=O)SCCNC(=O)CCNC(=O)C(C(C)(C)COP(=O)([O-])OP(=O)([O-])OCC1C(C(C(O1)N2C=NC3=C(N=CN=C32)N)O)OP(=O)([O-])[O-])O
cpd11594,NA,noinchikey_inpubchem
cpd00295,CIKGWCTVFSRMJU-KVQBGUIXSA-K,C1C(C(OC1N2C=NC3=C2NC(=NC3=O)N)COP(=O)([O-])OP(=O)([O-])[O-])O
cpd00296,LTFMZDNNPPEQNG-KVQBGUIXSA-L,C1C(C(OC1N2C=NC3=C2NC(=NC3=O)N)COP(=O)([O-])[O-])O
cpd00277,YKBGVTZYEHREMT-KVQBGUIXSA-N,C1C(C(OC1N2C=NC3=C2NC(=NC3=O)N)CO)O
cpd00241,HAAZLUGHYHWQIW-KVQBGUIXSA-J,C1C(C(OC1N2C=NC3=C2NC(=NC3=O)N)COP(=O)([O-])OP(=O)([O-])OP(=O)([O-])[O-])O
cpd00157,RXKJFZQQPQGTFL-UHFFFAOYSA-N,C(C(=O)CO)O
cpd00095,GNGACRATGGDKBX-UHFFFAOYSA-L,C(C(=O)COP(=O)([O-])[O-])O
cpd00330,OZRNSSUDZOLUSN-LBPRGKRZSA-L,C1C(=NC2=C(N1)NC(=NC2=O)N)CNC3=CC=C(C=C3)C(=O)NC(CCC(=O)[O-])C(=O)[O-]
cpd14545,TVMUHOAONWHJBV-UHFFFAOYSA-N,C(=N)C(=O)O
cpd00449,VLYUGYAKYZETRF-SSDOTTSWSA-N,C(CCC(=O)N)CC(CCS)S
cpd02295,VOJUXHHACRXLTD-UHFFFAOYSA-M,C1=CC=C2C(=C1)C(=CC(=C2O)C(=O)[O-])O
cpd02961,YQIFAMYNGGOTFB-XINAWCOVSA-N,C1C(=NC2=C(N1)NC(=NC2=O)N)C(C(CO)O)O
cpd00282,UFIVEPVSAGBUSI-REOHCLBHSA-M,C1C(NC(=O)NC1=O)C(=O)[O-]
cpd00683,WBFYVDCHGVNRBH-UHFFFAOYSA-M,C1C(=NC2=C(N1)NC(=NC2=O)N)CNC3=CC=C(C=C3)C(=O)[O-]
cpd08636,UYTRITJAZOPLCZ-BYPYZUCNSA-N,CC(=O)C(=O)C(CO)O
cpd03704,PHNGFPPXDJJADG-RRKCRQDMSA-L,C1C(C(OC1N2C=NC3=C2NC=NC3=O)COP(=O)([O-])[O-])O
cpd03279,VGONTNSXDCQUGY-RRKCRQDMSA-N,C1C(C(OC1N2C=NC3=C2NC=NC3=O)CO)O
cpd00977,UFJPAQSLHAGEBL-RRKCRQDMSA-J,C1C(C(OC1N2C=NC3=C2NC=NC3=O)COP(=O)([O-])OP(=O)([O-])OP(=O)([O-])[O-])O
cpd00425,ROSDSFDQCJNGOL-UHFFFAOYSA-O,C[NH2+]C
cpd01997,LJUQGASMPRMWIW-UHFFFAOYSA-N,CC1=CC2=C(C=C1C)N=CN2
cpd02656,SXDXRJZUAJBNFL-XKSSXDPKSA-M,CC1=C(N(C2=NC(=NC(=O)C2=N1)[O-])CC(C(C(CO)O)O)O)C
cpd00202,CBIDRCWHNCKSTO-UHFFFAOYSA-K,CC(=CCOP(=O)([O-])OP(=O)([O-])[O-])C
cpd00450,QMMFVYPAHWMCMS-UHFFFAOYSA-N,CSC
cpd00638,SENPVEZBRZQVST-HISDBWNOSA-L,C1=CC(=C[N+](=C1)C2C(C(C(O2)COP(=O)([O-])OP(=O)([O-])OCC3C(C(C(O3)N4C=NC5=C(N=CN=C54)N)O)O)O)O)C(=O)[O-]
cpd00655,KDTSHFARGAKYJN-IBOSZNHHSA-L,CC(C)(COP(=O)([O-])OP(=O)([O-])OCC1C(C(C(O1)N2C=NC3=C(N=CN=C32)N)O)O)C(C(=O)NCCC(=O)NCCS)O
cpd01620,OQIIYZQTTMKFAU-ZNLOQLQNSA-G,CC1(C(C2=CC3=C(C(=C(N3)CC4=C(C(=C(N4)C=C5C(C(C(=N5)C=C1[NH2+]2)CCC(=O)[O-])(C)CC(=O)[O-])CC(=O)[O-])CCC(=O)[O-])CCC(=O)[O-])CC(=O)[O-])CCC(=O)[O-])CC(=O)[O-]
cpd01311,AUTOLBMXDDTRRT-UHFFFAOYSA-M,CC1C(NC(=O)N1)CCCCCC(=O)[O-]
cpd00297,UJLXYODCHAELLY-XLPZGREQSA-K,CC1=CN(C(=O)NC1=O)C2CC(C(O2)COP(=O)([O-])OP(=O)([O-])[O-])O
cpd02661,UIVJXHWSIFBBCY-WDQPOOCWSA-M,CC1C(C(C(C(O1)OP(=O)([O-])OP(=O)([O-])OCC2C(CC(O2)N3C=C(C(=O)NC3=O)C)O)O)O)[NH3+]
cpd00521,PSXWNITXWWECNY-UCBTUHGZSA-L,CC1C(=O)C(C(C(O1)OP(=O)([O-])OP(=O)([O-])OCC2C(CC(O2)N3C=C(C(=O)NC3=O)C)O)O)O
cpd00522,PSXWNITXWWECNY-LPVGZGSHSA-L,CC1C(=O)C(C(C(O1)OP(=O)([O-])OP(=O)([O-])OCC2C(CC(O2)N3C=C(C(=O)NC3=O)C)O)O)O
cpd00626,YSYKRGRSMLTJNL-URARBOGNSA-L,CC1=CN(C(=O)NC1=O)C2CC(C(O2)COP(=O)([O-])OP(=O)([O-])OC3C(C(C(C(O3)CO)O)O)O)O
cpd02113,ZOSQFDVXNQFKBY-CGAXJHMRSA-L,CC1C(C(C(C(O1)OP(=O)([O-])OP(=O)([O-])OCC2C(CC(O2)N3C=C(C(=O)NC3=O)C)O)O)O)O
cpd00298,GYOZYWVXFNDGLU-XLPZGREQSA-L,CC1=CN(C(=O)NC1=O)C2CC(C(O2)COP(=O)([O-])[O-])O
cpd00357,NHVNXKFIZYSCEB-XLPZGREQSA-J,CC1=CN(C(=O)NC1=O)C2CC(C(O2)COP(=O)([O-])OP(=O)([O-])OP(=O)([O-])[O-])O
cpd00978,QHWZTVCCBMIIKE-SHYZEUOFSA-K,C1C(C(OC1N2C=CC(=O)NC2=O)COP(=O)([O-])OP(=O)([O-])[O-])O
cpd00299,JSRLJPSBLDHEIO-SHYZEUOFSA-L,C1C(C(OC1N2C=CC(=O)NC2=O)COP(=O)([O-])[O-])O
cpd00412,MXHRCPNRJAMMIM-SHYZEUOFSA-N,C1C(C(OC1N2C=CC(=O)NC2=O)CO)O
cpd00358,AHCYMLUZIRLXAA-SHYZEUOFSA-J,C1C(C(OC1N2C=CC(=O)NC2=O)COP(=O)([O-])OP(=O)([O-])OP(=O)([O-])[O-])O
cpd08289,AJPADPZSRRUGHI-RFZPGFLSSA-L,CC(=O)C(C(COP(=O)([O-])[O-])O)O
cpd00236,NGHMDNPXVRFFGS-IUYQGCFVSA-L,C(C(C(C=O)O)O)OP(=O)([O-])[O-]
cpd02843,HFYBTHCYPKEDQQ-RITPCOANSA-L,C1=C(NC=N1)C(C(COP(=O)([O-])[O-])O)O
cpd03453,SERBHKJMVBATSJ-BZSNNMDCSA-M,C1C(C(=O)OCC(C(=O)OCC(C(=O)O1)NC(=O)C2=C(C(=CC=C2)O)O)NC(=O)C3=C(C(=CC=C3)O)[O-])NC(=O)C4=C(C(=CC=C4)O)O
cpd00162,HZAXFHJVJLSVMW-UHFFFAOYSA-O,C(CO)[NH3+]
cpd00363,LFQSCWFLJHTTHZ-UHFFFAOYSA-N,CCO
cpd00802,RHKKZBWRNHGJEZ-VRPWFDPXSA-L,C(C1C(C(C(O1)(COP(=O)([O-])[O-])O)O)O)O
cpd00072,BGWGXPAPYGQALX-ARQDHWQXSA-L,C(C1C(C(C(O1)(CO)O)O)O)OP(=O)([O-])[O-]
cpd00015,IMGVNJNCCGXBHD-UYBVJOGSSA-K,noinchikey_inpubchem
cpd00982,YPZRHBJKEMOYQH-UYBVJOGSSA-L,CC1=CC2=C(C=C1C)N(C3=C(N2)C(=O)NC(=O)N3)CC(C(C(COP(=O)([O-])OP(=O)([O-])OCC4C(C(C(O4)N5C=NC6=C(N=CN=C65)N)O)O)O)O)O
cpd00055,WSFSSNUMVMOOMR-UHFFFAOYSA-N,C=O
cpd00290,RNBGYGVWRKECFJ-VRPWFDPXSA-J,C(C1C(C(C(O1)(COP(=O)([O-])[O-])O)O)O)OP(=O)([O-])[O-]
cpd11621,NA,noinchikey_inpubchem
cpd11620,NA,noinchikey_inpubchem
cpd10515,CWYNVVGOOAEACU-UHFFFAOYSA-N,[Fe+2]
cpd10516,VTLYFUHAOXGGBS-UHFFFAOYSA-N,[Fe+3]
cpd03726,NGILTSZTOFYVBF-UVJOBNTFSA-H,C1C(C(=O)OCC(C(=O)OCC(C(=O)O1)NC(=O)C2=C(C(=CC=C2)[O-])[O-])NC(=O)C3=C(C(=CC=C3)[O-])[O-])NC(=O)C4=C(C(=CC=C4)[O-])[O-].[Fe+3]
cpd02678,VDXLUNDMVKSKHO-ZRTZXPPTSA-L,C(C1C(C(C(O1)NC(=O)CNC=O)O)O)OP(=O)([O-])[O-]
cpd00050,ANKZYBDXHMZBDK-SCRDCRAPSA-K,noinchikey_inpubchem
cpd00393,OVBPIULPVIDEAO-LBPRGKRZSA-L,C1=CC(=CC=C1C(=O)NC(CCC(=O)[O-])C(=O)[O-])NCC2=CN=C3C(=N2)C(=O)N=C(N3)N
cpd00047,BDAGIHXWWSANSR-UHFFFAOYSA-M,C(=O)[O-]
cpd02826,PMCOGCVKOAOZQM-ZRTZXPPTSA-M,C(C1C(C(C(O1)[NH+]=C(CNC=O)N)O)O)OP(=O)([O-])[O-]
cpd02884,ABCOOORLYAOBOZ-KQYNXXCUSA-L,C1=NC(=C(N1C2C(C(C(O2)COP(=O)([O-])[O-])O)O)NC=O)C(=O)N
cpd00350,VWFJDQUYCIWHTN-YFVJMOTDSA-K,CC(=CCCC(=CCCC(=CCOP(=O)([O-])OP(=O)([O-])[O-])C)C)C
cpd00082,RFSUNEUAIZKAJO-VRPWFDPXSA-N,C(C1C(C(C(O1)(CO)O)O)O)O
cpd00751,PNNNRSAQSRJVSB-KCDKBNATSA-N,CC(C(C(C(C=O)O)O)O)O
cpd00106,VZCYOOQTPOCHFL-OWOJBTEDSA-L,C(=CC(=O)[O-])C(=O)[O-]
cpd00089,HXXFSFRBOHSIMQ-GASJEMHNSA-L,C(C1C(C(C(C(O1)OP(=O)([O-])[O-])O)O)O)O
cpd00501,HXXFSFRBOHSIMQ-DVKNGEFBSA-L,C(C1C(C(C(C(O1)OP(=O)([O-])[O-])O)O)O)O
cpd00102,LXJXRIRHZLFYRP-VKHMYHEASA-L,C(C(C=O)O)OP(=O)([O-])[O-]
cpd00507,SUHOQUVVVLNYQR-MRVPVSSYSA-N,C[N+](C)(C)CCOP(=O)([O-])OCC(CO)O
cpd00908,JZNWSCPGTDBMEW-YFKPBYRVSA-N,C(COP(=O)(O)OCC(CO)O)N
cpd02090,LLCSXHMJULHSJN-UHFFFAOYSA-M,C(C(COP(=O)([O-])OCC(CO)O)O)O
cpd15468,ZWZWYGMENQVNFU-UHNVWZDZSA-M,C(C(COP(=O)([O-])OCC(C(=O)[O-])[NH3+])O)O
cpd00079,NBSCHQHZLSJFNQ-GASJEMHNSA-L,C(C1C(C(C(C(O1)O)O)O)O)OP(=O)([O-])[O-]
cpd00863,NBSCHQHZLSJFNQ-VFUOTHLCSA-L,C(C1C(C(C(C(O1)O)O)O)O)OP(=O)([O-])[O-]
cpd00108,WQZGKKKJIJFFOK-PHYPRBDBSA-N,C(C1C(C(C(C(O1)O)O)O)O)O
cpd00348,HXXFSFRBOHSIMQ-FPRJBGLDSA-L,C(C1C(C(C(C(O1)OP(=O)([O-])[O-])O)O)O)O
cpd01171,FBPFZTCFMRRESA-GUCUJZIJSA-N,C(C(C(C(C(CO)O)O)O)O)O
cpd03752,GACTWZZMVMUKNG-DPYQTVNSSA-L,C(C(C(C(C(COP(=O)([O-])[O-])O)O)O)O)O
cpd00276,MSWZFWKMSRAUBD-IVMDWMLBSA-O,C(C1C(C(C(C(O1)O)[NH3+])O)O)O
cpd03671,YMJBYRVFGYXULK-QZABAPFNSA-M,C(C1C(C(C(C(O1)OP(=O)([O-])[O-])[NH3+])O)O)O
cpd00288,XHMJOUIAFHJHBW-IVMDWMLBSA-M,C(C1C(C(C(C(O1)O)[NH3+])O)O)OP(=O)([O-])[O-]
cpd02394,OBQMLSFOUZUIOB-HJZCUYRDSA-M,C(C1C(C(C(O1)NC(=O)C[NH3+])O)O)OP(=O)([O-])[O-]
cpd00229,WGCNASOHLSPBMP-UHFFFAOYSA-N,C(C=O)O
cpd00031,QGWNDRXFNXRZMB-UUOKFMHZSA-K,C1=NC2=C(N1C3C(C(C(O3)COP(=O)([O-])OP(=O)([O-])[O-])O)O)NC(=NC2=O)N
cpd00900,PNHLMHWWFOPQLK-BKUUWRAGSA-L,CC1C(=O)C(C(C(O1)OP(=O)([O-])OP(=O)([O-])OCC2C(C(C(O2)N3C=NC4=C3NC(=NC4=O)N)O)O)O)O
cpd00272,LQEBEXMHBLQMDB-JGQUBWHWSA-L,CC1C(C(C(C(O1)OP(=O)([O-])OP(=O)([O-])OCC2C(C(C(O2)N3C=NC4=C3NC(=NC4=O)N)O)O)O)O)O
cpd00083,MVMSCBBUIHUTGJ-GDJBGNAASA-L,C1=NC2=C(N1C3C(C(C(O3)COP(=O)([O-])OP(=O)([O-])OC4C(C(C(C(O4)CO)O)O)O)O)O)NC(=NC2=O)N
cpd02740,KCPMACXZAITQAX-UUOKFMHZSA-H,C1=NC2=C(N1C3C(C(C(O3)COP(=O)([O-])OP(=O)([O-])OP(=O)([O-])[O-])OP(=O)([O-])OP(=O)(O)[O-])O)NC(=NC2=O)N
cpd00027,WQZGKKKJIJFFOK-GASJEMHNSA-N,C(C1C(C(C(C(O1)O)O)O)O)O
cpd00053,ZDXPYRJPNDTMRX-VKHMYHEASA-N,C(CC(=O)N)C(C(=O)O)N
cpd00186,WHUUTDBJXJRKMK-GSVOUGTGSA-M,C(CC(=O)O)C(C(=O)[O-])N
cpd00023,WHUUTDBJXJRKMK-VKHMYHEASA-M,C(CC(=O)[O-])C(C(=O)[O-])[NH3+]
cpd02345,MPUUQNGXJSEWTF-BYPYZUCNSA-N,C(CC(=O)O)C(C=O)N
cpd02097,PJRXVIJAERNUIP-VKHMYHEASA-L,C(CC(=O)OP(=O)([O-])[O-])C(C(=O)[O-])[NH3+]
cpd00858,KABXUUFDPUOJMW-BYPYZUCNSA-N,C(CC(C(=O)O)N)C=O
cpd00413,SYKWLIJQEHRDNH-CKRMAKSASA-I,CC(C)(COP(=O)([O-])OP(=O)([O-])OCC1C(C(C(O1)N2C=NC3=C(N=CN=C32)N)O)OP(=O)([O-])[O-])C(C(=O)NCCC(=O)NCCSC(=O)CCCC(=O)[O-])O
cpd12227,NA,noinchikey_inpubchem
cpd00040,HHLFWLYXYJOTON-UHFFFAOYSA-M,C(=O)C(=O)[O-]
cpd00033,DHMQDGOQFOQNFH-UHFFFAOYSA-N,C(C(=O)O)N
cpd00448,MNQZXJOMYWMBOU-VKHMYHEASA-N,C(C(C=O)O)O
cpd00100,PEDCQBHIVMGVHV-UHFFFAOYSA-N,C(C(CO)O)O
cpd00223,RBNPOMFGQQGHHO-UWTATZPHSA-M,C(C(C(=O)[O-])O)O
cpd00080,AWUCVROLDVIAJX-GSVOUGTGSA-L,C(C(COP(=O)([O-])[O-])O)O
cpd00139,AEMRFAOFKBGASW-UHFFFAOYSA-M,C(C(=O)[O-])O
cpd00155,NA,noinchikey_inpubchem
cpd00126,RQFCJASXJCIDSX-UUOKFMHZSA-L,C1=NC2=C(N1C3C(C(C(O3)COP(=O)([O-])[O-])O)O)NC(=NC2=O)N
cpd00283,GVVPGTZRZFNKDS-JXMROGBWSA-K,CC(=CCCC(=CCOP(=O)([O-])OP(=O)([O-])[O-])C)C
cpd00311,NYHBQMYGNKIUIF-UUOKFMHZSA-N,C1=NC2=C(N1C3C(C(C(O3)CO)O)O)NC(=NC2=O)N
cpd00111,YPZRWBKMTBYPTK-BJDJZHNGSA-L,C(CC(=O)NC(CSSCC(C(=O)NCC(=O)[O-])NC(=O)CCC(C(=O)[O-])[NH3+])C(=O)NCC(=O)[O-])C(C(=O)[O-])[NH3+]
cpd00042,RWSXRVCMGQZWBV-WDSKDSINSA-M,C(CC(=O)NC(C[S-])C(=O)NCC(=O)O)C(C(=O)O)N
cpd00038,XKMLYUALXHKNFT-UUOKFMHZSA-J,C1=NC2=C(N1C3C(C(C(O3)COP(=O)([O-])OP(=O)([O-])OP(=O)([O-])[O-])O)O)NC(=NC2=O)N
cpd00207,UYTPUPDQBNUYGX-UHFFFAOYSA-N,C1=NC2=C(N1)C(=O)N=C(N2)N
cpd00067,GPRLSGONYQIRFK-UHFFFAOYSA-N,[H+]
cpd11640,UFHFLCQGNIYNRP-UHFFFAOYSA-N,[HH]
cpd00242,NA,noinchikey_inpubchem
cpd08615,MDSIZRKJVDMQOQ-GORDUTHDSA-K,CC(=CCOP(=O)([O-])OP(=O)([O-])[O-])CO
cpd00001,XLYOFNOQVPJJNP-UHFFFAOYSA-N,O
cpd00025,MHAJPDPJQMAIIY-UHFFFAOYSA-N,OO
cpd00239,RWSOTUBLDIXVET-UHFFFAOYSA-M,[SH-]
cpd00165,AVXURJPOCDRRFD-UHFFFAOYSA-N,NO
cpd00919,NA,noinchikey_inpubchem
cpd00135,FFFHZYDWPBMWHY-UHFFFAOYSA-N,C(CS)C(C(=O)O)N
cpd00214,IPCSVZSSVZVIGE-UHFFFAOYSA-M,CCCCCCCCCCCCCCCC(=O)[O-]
cpd15237,NA,noinchikey_inpubchem
cpd03126,JUPAQFRKPHPXLD-MSHHSVQMSA-J,CCCCCCCCCCCCCC=CC(=O)SCCN=C(CCN=C(C(C(C)(C)COP(=O)(O)OP(=O)(O)OCC1C(C(C(O1)N2C=NC3=C(N=CN=C32)N)O)OP(=O)([O-])[O-])O)[O-])[O-]
cpd15239,NA,noinchikey_inpubchem
cpd02590,LSJLEXWXRKTZAJ-YUIIPXGZSA-K,CC(=CCCC(=CCCC(=CCCC(=CCCC(=CCCC(=CCCC(=CCOP(=O)([O-])OP(=O)([O-])[O-])C)C)C)C)C)C)C
cpd11472,NA,noinchikey_inpubchem
cpd00531,BQPIGGFYSBELGY-UHFFFAOYSA-N,[Hg+2]
cpd00119,HNDVDQJCIGZPNO-YFKPBYRVSA-N,C1=C(NC=N1)CC(C(=O)O)N
cpd00807,CWNDERHTHMWBSI-YFKPBYRVSA-M,C1=C(NC=N1)CC(COP(=O)([O-])[O-])[NH3+]
cpd00641,ZQISRDCJNBUVMM-YFKPBYRVSA-O,C1=C(NC=N1)CC(CO)[NH3+]
cpd00755,WDFJYRZCZIUBPR-UHFFFAOYSA-F,C1=C(C(=C(N1)CC2=C(C(=C(N2)CC3=C(C(=C(N3)CC4=C(C(=C(N4)CO)CC(=O)[O-])CCC(=O)[O-])CC(=O)[O-])CCC(=O)[O-])CC(=O)[O-])CCC(=O)[O-])CC(=O)[O-])CCC(=O)[O-]
cpd09879,PIUSLWSYOYFRFR-BQBZGAKWSA-M,C(CC(=O)NC(CSCO)C(=O)NCC(=O)[O-])C(C(=O)[O-])[NH3+]
cpd00227,UKAUYVFTDYCKQA-VKHMYHEASA-N,C(CO)C(C(=O)O)N
cpd02555,RXWVHRYZTWZATH-XSLAGTTESA-J,C1C(NC2=C(N1)NC(=NC2=O)N)CNC3=CC=C(C=C3)C(=O)NC(CCC(=O)NC(CCC(=O)NC(CCC(=O)[O-])C(=O)[O-])C(=O)[O-])C(=O)[O-]
cpd00415,QIGBRXMKCJKVMJ-UHFFFAOYSA-N,C1=CC(=CC=C1O)O
cpd03125,OINXHIBNZUUIMR-IXUYQXAASA-J,CCCC=CC(=O)SCCNC(=O)CCNC(=O)C(C(C)(C)COP(=O)([O-])OP(=O)([O-])OCC1C(C(C(O1)N2C=NC3=C(N=CN=C32)N)O)OP(=O)([O-])[O-])O
cpd00226,FDGQSTZJBFJUBT-UHFFFAOYSA-N,C1=NC2=C(N1)C(=O)N=CN2
cpd03124,NA,noinchikey_inpubchem
cpd03470,NMUOATVLLQEYHI-UHFFFAOYSA-M,C(C(=N)C(=O)O)C(=O)[O-]
cpd00658,NTGWPRCCOQCMGE-YUMQZZPRSA-L,C=C(C(=O)[O-])OC1C=CC=C(C1O)C(=O)[O-]
cpd00260,ODBLHEXUDAPZAU-UHFFFAOYSA-K,C(C(C(C(=O)[O-])O)C(=O)[O-])C(=O)[O-]
cpd00090,JPXZQMKKFWMMGK-KQYNXXCUSA-K,C1=NC(=O)C2=C(N1)N(C=N2)C3C(C(C(O3)COP(=O)([O-])OP(=O)([O-])[O-])O)O
cpd00322,AGPKZVBTJJNPAG-WHFBIAKZSA-N,CCC(C)C(C(=O)O)N
cpd01831,PRJKNHOMHKJCEJ-UHFFFAOYSA-M,C1=C(NC=N1)CC(=O)[O-]
cpd03052,MQSRGWNVEZRLDK-UHFFFAOYSA-N,C1=C(NC=N1)CC=O
cpd00930,YCFFMSOLUMRAMD-UHFFFAOYSA-L,C1=C(NC=N1)CC(=O)COP(=O)([O-])[O-]
cpd00114,GRSZFWQUAKGDAV-KQYNXXCUSA-L,C1=NC(=O)C2=C(N1)N(C=N2)C3C(C(C(O3)COP(=O)([O-])[O-])O)O
cpd00359,SIKJAQJRHWYJAI-UHFFFAOYSA-N,C1=CC=C2C(=C1)C=CN2
cpd00121,CDAISMWEOUEBRE-GPIVLXJGSA-N,noinchikey_inpubchem
cpd00246,UGQMRVRMYYASKQ-KQYNXXCUSA-N,C1=NC(=O)C2=C(N1)N(C=N2)C3C(C(C(O3)CO)O)O
cpd00113,NUHSROFQTUXZQQ-UHFFFAOYSA-K,CC(=C)CCOP(=O)([O-])OP(=O)([O-])[O-]
cpd00217,DLRVVLDZNNYCBX-RTPHMHGBSA-N,C(C1C(C(C(C(O1)OCC2C(C(C(C(O2)O)O)O)O)O)O)O)O
cpd00068,HAEJPQIATWHALX-KQYNXXCUSA-J,C1=NC(=O)C2=C(N1)N(C=N2)C3C(C(C(O3)COP(=O)([O-])OP(=O)([O-])OP(=O)([O-])[O-])O)O
cpd00205,NPYPAHLBTDXSSS-UHFFFAOYSA-N,[K+]
cpd11585,CXISPYVYMQWFLE-VKHMYHEASA-N,CC(C(=O)NCC(=O)[O-])[NH3+]
cpd00159,JVTAAEKCZFNVCJ-REOHCLBHSA-M,CC(C(=O)[O-])O
cpd15386,NA,noinchikey_inpubchem
cpd15387,BAPAFFOXTCMVCC-UHFFFAOYSA-M,noinchikey_inpubchem
cpd00208,GUBGYTABKSRVRQ-QKKXKWKRSA-N,C(C1C(C(C(C(O1)OC2C(OC(C(C2O)O)O)CO)O)O)O)O
cpd00107,ROHFNLRQFUQHCH-YFKPBYRVSA-N,CC(C)CC(C(=O)O)N
cpd02182,VDYDCVUWILIYQF-CSMHCCOUSA-M,CC(C(=O)SCC(C(=O)NCC(=O)[O-])NC(=O)CCC(C(=O)[O-])[NH3+])O
cpd00039,KDXKERNSBIXSRK-YFKPBYRVSA-O,C(CC[NH3+])CC(C(=O)O)N
cpd00130,BJEPYKJPYRNKOW-REOHCLBHSA-L,C(C(C(=O)[O-])O)C(=O)[O-]
cpd11492,NA,noinchikey_inpubchem
cpd00070,LTYOQGRJFJAKNA-DVVLENMVSA-I,CC(C)(COP(=O)([O-])OP(=O)([O-])OCC1C(C(C(O1)N2C=NC3=C(N=CN=C32)N)O)OP(=O)([O-])[O-])C(C(=O)NCCC(=O)NCCSC(=O)CC(=O)[O-])O
cpd00179,GUBGYTABKSRVRQ-PICCSMPSSA-N,C(C1C(C(C(C(O1)OC2C(OC(C(C2O)O)O)CO)O)O)O)O
cpd01919,ITPHOIFCAFNCLL-ASMJPISFSA-L,C(C1C(C(C(C(O1)O)O)O)OC2C(C(C(C(O2)COP(=O)([O-])[O-])O)O)O)O
cpd15494,ZHZITDGOAFCURV-VVTKTIMZSA-N,C(C1C(C(C(C(O1)OC2C(OC(C(C2O)O)OC3C(OC(C(C3O)O)OC4C(OC(C(C4O)O)OC5C(OC(C(C5O)O)OC6C(OC(C(C6O)O)OC(C(CO)O)C(C(C=O)O)O)CO)CO)CO)CO)CO)O)O)O)O
cpd01329,OCIBBXPLUVYKCH-QXVNYKTNSA-N,C(C1C(C(C(C(O1)OC2C(OC(C(C2O)O)OC3C(OC(C(C3O)O)OC4C(OC(C(C4O)O)OC5C(OC(C(C5O)O)OC6C(OC(C(C6O)O)O)CO)CO)CO)CO)CO)O)O)O)O
cpd15495,FTNIPWXXIGNQQF-DWTFCAFKSA-N,C(C1C(C(C(C(O1)OC2C(OC(C(C2O)O)OC3C(OC(C(C3O)O)OC4C(OC(C(C4O)O)OC5C(OC(C(C5O)O)O)CO)CO)CO)CO)O)O)O)O
cpd01262,FYGDTMLNYKFZSV-PXXRMHSHSA-N,C(C1C(C(C(C(O1)OC2C(OC(C(C2O)O)OC3C(OC(C(C3O)O)O)CO)CO)O)O)O)O
cpd01399,LUEWUZLMQUOBSB-ZLBHSGTGSA-N,C(C1C(C(C(C(O1)OC2C(OC(C(C2O)O)OC3C(OC(C(C3O)O)OC4C(OC(C(C4O)O)O)CO)CO)CO)O)O)O)O
cpd00138,WQZGKKKJIJFFOK-QTVWNMPRSA-N,C(C1C(C(C(C(O1)O)O)O)O)O
cpd00485,HXXFSFRBOHSIMQ-RWOPYEJCSA-L,C(C1C(C(C(C(O1)OP(=O)([O-])[O-])O)O)O)O
cpd00235,NBSCHQHZLSJFNQ-QTVWNMPRSA-L,C(C1C(C(C(C(O1)O)O)O)O)OP(=O)([O-])[O-]
cpd00116,OKKJLVBELUTLKV-UHFFFAOYSA-N,CO
cpd00706,OJOLFAIGOXZBCI-UHFFFAOYSA-M,C(C(=O)C(=O)[O-])S
cpd00637,FFEARJCKVFRZRR-SCSAIBSYSA-N,CSCCC(C(=O)O)N
cpd00060,FFEARJCKVFRZRR-BYPYZUCNSA-N,CSCCC(C(=O)O)N
cpd00347,MEANFMOQMXYMCT-OLZOCXBDSA-M,C1C2CN(C=[N+]2C3=C(N1)NC(=NC3=O)N)C4=CC=C(C=C4)C(=O)NC(CCC(=O)[O-])C(=O)[O-]
cpd11576,NA,noinchikey_inpubchem
cpd01914,QEFRNWWLZKMPFJ-YGVKFDHGSA-N,CS(=O)CCC(C(=O)O)N
cpd00254,JLVVSXFLKOJNIY-UHFFFAOYSA-N,[Mg+2]
cpd00125,QYNUQALWYRSVHF-OLZOCXBDSA-L,C1C2CN(CN2C3=C(N1)NC(=NC3=O)N)C4=CC=C(C=C4)C(=O)NC(CCC(=O)[O-])C(=O)[O-]
cpd00030,WAEMQWOKJMHJLA-UHFFFAOYSA-N,[Mn+2]
cpd00314,FBPFZTCFMRRESA-KVTDHHQDSA-N,C(C(C(C(C(CO)O)O)O)O)O
cpd03200,FZWBNHMXJMCXLU-YRBKNLIBSA-N,C(C1C(C(C(C(O1)OCC2C(C(C(C(O2)OCC(C(C(C(C=O)O)O)O)O)O)O)O)O)O)O)O
cpd11574,MEFBJEMVZONFCJ-UHFFFAOYSA-N,[O-][Mo](=O)(=O)[O-]
cpd15499,OIEZRVBFVPGODT-WQWYCSGDSA-N,CC1=C(C2=CC=CC=C2C(=C1CC=C(C)CCC=C(C)CCC=C(C)CCC=C(C)CCC=C(C)CCC=C(C)CCC=C(C)CCC=C(C)C)O)O
cpd15500,LXKDFTDVRVLXFY-WQWYCSGDSA-N,CC1=C(C(=O)C2=CC=CC=C2C1=O)CC=C(C)CCC=C(C)CCC=C(C)CCC=C(C)CCC=C(C)CCC=C(C)CCC=C(C)CCC=C(C)C
cpd00428,AIJULSRZWUXGPQ-UHFFFAOYSA-N,CC(=O)C=O
cpd15505,VTZDBMVDVOTCFD-UHFFFAOYSA-G,noinchikey_inpubchem
cpd15506,NA,noinchikey_inpubchem
cpd15507,NPJMJVATSCHTAI-UHFFFAOYSA-F,noinchikey_inpubchem
cpd15508,NA,noinchikey_inpubchem
cpd15510,YJNGRCZHKAYCMA-VZNOAHCOSA-E,noinchikey_inpubchem
cpd15514,NQXCJQVWBSGGNW-UHFFFAOYSA-E,noinchikey_inpubchem
cpd11466,NA,noinchikey_inpubchem
cpd00528,IJGRMHOSHXDMSA-UHFFFAOYSA-N,N#N
cpd02685,KYVLWJXMCBZDRL-BQBZGAKWSA-M,CC(=O)NC(CCCC(C(=O)[O-])[NH3+])C(=O)[O-]
cpd00971,FKNQFGJONOIPTF-UHFFFAOYSA-N,[Na+]
cpd00218,PVNIIMVLHYAWGP-UHFFFAOYSA-M,C1=CC(=CN=C1)C(=O)[O-]
cpd00003,BAWFJGJZGIEFAR-NNYOXOHSSA-M,C1=CC(=C[N+](=C1)C2C(C(C(O2)COP(=O)([O-])OP(=O)([O-])OCC3C(C(C(O3)N4C=NC5=C(N=CN=C54)N)O)O)O)O)C(=O)N
cpd00004,BOPGDPNILDQYTO-NNYOXOHSSA-L,C1C=CN(C=C1C(=O)N)C2C(C(C(O2)COP(=O)([O-])OP(=O)([O-])OCC3C(C(C(O3)N4C=NC5=C(N=CN=C54)N)O)O)O)O
cpd00006,XJLXINKUBYWONI-NNYOXOHSSA-K,C1=CC(=C[N+](=C1)C2C(C(C(O2)COP(=O)([O-])OP(=O)([O-])OCC3C(C(C(O3)N4C=NC5=C(N=CN=C54)N)OP(=O)([O-])[O-])O)O)O)C(=O)N
cpd00005,ACFIXJIJDZMPPO-NNYOXOHSSA-J,C1C=CN(C=C1C(=O)N)C2C(C(C(O2)COP(=O)([O-])OP(=O)([O-])OCC3C(C(C(O3)N4C=NC5=C(N=CN=C54)N)OP(=O)([O-])[O-])O)O)O
cpd00133,DFPAKSUCGFBDDF-UHFFFAOYSA-N,C1=CC(=CN=C1)C(=O)N
cpd00013,QGZKDVFQNNGYKY-UHFFFAOYSA-O,[NH4+]
cpd03471,PUEDDPCUCPRQNY-ZYUZMQFOSA-N,C1=CC(=C[N+](=C1)C2C(C(C(O2)CO)O)O)C(=O)[O-]
cpd00873,JOUIQRNQJGXQDC-ZYUZMQFOSA-L,C1=CC(=C[N+](=C1)C2C(C(C(O2)COP(=O)([O-])[O-])O)O)C(=O)[O-]
cpd00355,DAYLJWODMCOQEW-TURQNECASA-M,C1=CC(=C[N+](=C1)C2C(C(C(O2)COP(=O)([O-])[O-])O)O)C(=O)N
cpd00075,IOVCWXUNBOPUCH-UHFFFAOYSA-M,N(=O)[O-]
cpd15516,JLHGQTKMJCQGJD-CEOXHMAOSA-L,CC1C(C(C(C(O1)OC2C(C(OC(C2O)COC3C(C(C(C(O3)CO)O)O)O)OC4C(C(OC4OCC5C(C(C(C(O5)OC6C(C(OC(C6OC(=O)C)OC7C(C(OC(C7O)COC8C(C(C(C(O8)CO)O)O)O)OP(=O)(O)OP(=O)(O)OCC=C(C)CCC=C(C)CCC=C(C)CCC=C(C)CCC=C(C)CCC=C(C)CCC=C(C)CCC=C(C)CCC=C(C)CCC=C(C)CCC=C(C)C)N=C(C)[O-])C)O)O)O)O)C(CO)O)O)N=C(C)[O-])OC(=O)C)OC9C(C(C(C(O9)COC1C(C(C(O1)C(CO)O)O)O)O)O)O)O
cpd15517,MAEXVFVVTLQJBE-BYBSPDODSA-K,noinchikey_inpubchem
cpd15520,NYDKXESIKHJNQU-FIYHCCFRSA-L,CC1C(C(C(C(O1)OC2C(C(OC(C2O)COC3C(C(C(C(O3)CO)O)O)O)OP(=O)(O)OP(=O)([O-])OCC=C(C)CCC=C(C)CCC=C(C)CCC=C(C)CCC=C(C)CCC=C(C)CCC=C(C)CCC=C(C)CCC=C(C)CCC=C(C)CCC=C(C)C)N=C(C)[O-])OC(=O)C)OC4C(C(C(C(O4)COC5C(C(C(O5)C(CO)O)O)O)O)O)O)O
cpd00007,MYMOFIZGZYHOMD-UHFFFAOYSA-N,O=O
cpd00532,OUUQCZGPVNCOIJ-UHFFFAOYSA-M,[O-][O]
cpd00032,KHPXUQMNIQBQEV-UHFFFAOYSA-L,C(C(=O)C(=O)[O-])C(=O)[O-]
cpd03130,CPSDNAXXKWVYIY-NTLMCJQISA-J,CCCCCC=CC(=O)SCCN=C(CCN=C(C(C(C)(C)COP(=O)(O)OP(=O)(O)OCC1C(C(C(O1)N2C=NC3=C(N=CN=C32)N)O)OP(=O)([O-])[O-])O)[O-])[O-]
cpd11470,NA,noinchikey_inpubchem
cpd01335,KQMZYOXOBSXMII-CECATXLMSA-J,CCCCCCCC(=O)SCCNC(=O)CCNC(=O)C(C(C)(C)COP(=O)([O-])OP(=O)([O-])OCC1C(C(C(O1)N2C=NC3=C(N=CN=C32)N)O)OP(=O)([O-])[O-])O
cpd15268,NA,noinchikey_inpubchem
cpd03846,WWZKQHOCKIZLMA-UHFFFAOYSA-M,CCCCCCCC(=O)[O-]
cpd02557,IKKLDISSULFFQO-DJMILUHSSA-K,CC(=CCCC(=CCCC(=CCCC(=CCCC(=CCCC(=CCCC(=CCCC(=CCOP(=O)([O-])OP(=O)([O-])[O-])C)C)C)C)C)C)C)C
cpd11825,NA,noinchikey_inpubchem
cpd03606,MZJFVXDTNBHTKZ-UWTATZPHSA-K,C(C(C(=O)C(=O)[O-])O)OP(=O)([O-])[O-]
cpd00064,AHLPHDHHMVZTML-BYPYZUCNSA-O,C(CC(C(=O)[O-])[NH3+])C[NH3+]
cpd00247,PXQPEWDEAKTCGB-UHFFFAOYSA-M,C1=C(NC(=O)NC1=O)C(=O)[O-]
cpd00810,KYOBSHFOBAOFBF-XVFCMESISA-K,C1=C(N(C(=O)NC1=O)C2C(C(C(O2)COP(=O)([O-])[O-])O)O)C(=O)[O-]
cpd00180,MUBZPKHOEPUJKR-UHFFFAOYSA-L,C(=O)(C(=O)[O-])[O-]
cpd01507,VKKKAAPGXHWXOO-BIEWRJSYSA-I,CC(C)(COP(=O)([O-])OP(=O)([O-])OCC1C(C(C(O1)N2C=NC3=C(N=CN=C32)N)O)OP(=O)([O-])[O-])C(C(=O)NCCC(=O)NCCSC(=O)CC(=O)CCC(=O)[O-])O
cpd15521,NA,noinchikey_inpubchem
cpd15522,OZSITQMWYBNPMW-GDLZYMKVSA-L,CCCCCCCCCCCCCC(=O)OCC(COP(=O)([O-])[O-])OC(=O)CCCCCCCCCCCCC
cpd15523,NA,noinchikey_inpubchem
cpd15524,PORPENFLTBBHSG-MGBGTMOVSA-L,CCCCCCCCCCCCCCCC(=O)OCC(COP(=O)([O-])[O-])OC(=O)CCCCCCCCCCCCCCC
cpd15525,NA,noinchikey_inpubchem
cpd15526,YFWHNAWEOZTIPI-DIPNUNPCSA-L,CCCCCCCCCCCCCCCCCC(=O)OCC(COP(=O)([O-])[O-])OC(=O)CCCCCCCCCCCCCCCCC
cpd15527,NA,noinchikey_inpubchem
cpd11476,NA,now
cpd15277,NA,now
cpd00834,JDMUPRLRUUMCTL-VIFPVBQESA-L,CC(C)(COP(=O)([O-])[O-])C(C(=O)NCCC(=O)NCCS)O
cpd00408,OTOIIPJYVQJATP-BYPYZUCNSA-M,CC(C)(CO)C(C(=O)[O-])O
cpd00045,WHTCPDAXWFLDIH-KQYNXXCUSA-J,C1=NC(=C2C(=N1)N(C=N2)C3C(C(C(O3)COP(=O)([O-])[O-])OP(=O)([O-])[O-])O)N
cpd00044,GACDQMDRPRGCTN-KQYNXXCUSA-J,C1=NC(=C2C(=N1)N(C=N2)C3C(C(C(O3)COP(=O)([O-])OS(=O)(=O)[O-])OP(=O)([O-])[O-])O)N
cpd00478,WHOMFKWHIQZTHY-UHFFFAOYSA-L,CC1=NC=C(C(=C1O)CO)COP(=O)([O-])[O-]
cpd15533,LVNGJLRDBYCPGB-LDLOPFEMSA-N,CCCCCCCCCCCCCCCCCC(=O)OCC(COP(=O)(O)OCCN)OC(=O)CCCCCCCCCCCCCCCCC
cpd00061,DTBNBXWJWCWCIK-UHFFFAOYSA-K,C=C(C(=O)[O-])OP(=O)([O-])[O-]
cpd15540,FVJZSBGHRPJMMA-IOLBBIBUSA-M,CCCCCCCCCCCCCCCCCC(=O)OCC(COP(=O)([O-])OCC(CO)O)OC(=O)CCCCCCCCCCCCCCCCC
cpd15542,NA,noinchikey_inpubchem
cpd15543,NA,noinchikey_inpubchem
cpd15544,NA,noinchikey_inpubchem
cpd15545,ONJBJMDJKLHMEK-MPQUPPDSSA-K,CCCCCCCCCCCCCCCC(=O)OCC(COP(=O)([O-])OCC(COP(=O)([O-])[O-])O)OC(=O)CCCCCCCCCCCCCCC
cpd15546,PTJJTQQVMKSSOK-WXUKJITCSA-K,CCCCCCC=CCCCCCCCC(=O)OCC(COP(=O)([O-])OCC(COP(=O)([O-])[O-])O)OC(=O)CCCCCCCC=CCCCCCC
cpd15547,UZNYMWWMHBZMLI-IOLBBIBUSA-K,CCCCCCCCCCCCCCCCCC(=O)OCC(COP(=O)([O-])OCC(COP(=O)([O-])[O-])O)OC(=O)CCCCCCCCCCCCCCCCC
cpd15548,NA,noinchikey_inpubchem
cpd00066,COLNVLDHVKWLRT-QMMMGPOBSA-N,C1=CC=C(C=C1)CC(C(=O)O)N
cpd00028,KABFMIBPWCXCRK-RGGAHWMASA-J,noinchikey_inpubchem
cpd00809,FXDNYOANAXWZHG-VKHMYHEASA-L,C(COP(=O)([O-])[O-])C(C(=O)[O-])[NH3+]
cpd00143,BTNMPGBKDVTSJY-UHFFFAOYSA-M,C1=CC=C(C=C1)CC(=O)C(=O)[O-]
cpd03607,FKHAKIJOKDGEII-GBXIJSLDSA-L,C(C(C(C(=O)[O-])[NH3+])O)OP(=O)([O-])[O-]
cpd00009,NBIIXXVUZAFLBC-UHFFFAOYSA-L,OP(=O)([O-])[O-]
cpd00134,MNBKLUUYKPBKDU-BBECNAHFSA-J,CCCCCCCCCCCCCCCC(=O)SCCNC(=O)CCNC(=O)C(C(C)(C)COP(=O)([O-])OP(=O)([O-])OCC1C(C(C(O1)N2C=NC3=C(N=CN=C32)N)O)OP(=O)([O-])[O-])O
cpd00644,GHOKWGTUZJEAQD-ZETCQYMHSA-M,CC(C)(CO)C(C(=O)NCCC(=O)[O-])O
cpd00371,NBBJYMSMWIIQGU-UHFFFAOYSA-N,CCC=O
cpd01844,FMNMEQSRDWIBFO-UHFFFAOYSA-L,CCC(=O)OP(=O)([O-])[O-]
cpd00689,QSHWIQZFGQKFMA-UHFFFAOYSA-M,C1=C(C(=C(N1)C[NH3+])CC(=O)[O-])CCC(=O)[O-]
cpd00086,QAQREVBBADEHPA-IEXPHMLFSA-J,CCC(=O)SCCNC(=O)CCNC(=O)C(C(C)(C)COP(=O)([O-])OP(=O)([O-])OCC1C(C(C(O1)N2C=NC3=C(N=CN=C32)N)O)OP(=O)([O-])[O-])O
cpd00905,BUFLLCUFNHESEH-UUOKFMHZSA-I,C1=NC2=C(N1C3C(C(C(O3)COP(=O)([O-])OP(=O)(O)[O-])OP(=O)([O-])OP(=O)([O-])[O-])O)NC(=NC2=O)N
cpd00219,FPWMCUPFBRFMLH-XGAOUMNUSA-L,noinchikey_inpubchem
cpd00012,XPPKVPWEQAFLFU-UHFFFAOYSA-K,OP(=O)([O-])OP(=O)([O-])[O-]
cpd03559,BDERNNFJNOPAEC-UHFFFAOYSA-N,CCCO
cpd01476,KSFOVUSSGSKXFI-UJJXFSCMSA-L,noinchikey_inpubchem
cpd00791,UHSGPDMIQQYNAX-UHFFFAOYSA-L,CC1=C2CC3=C(C(=C(N3)CC4=C(C(=C(N4)CC5=C(C(=C(N5)CC(=C1CCC(=O)[O-])N2)CCC(=O)[O-])C)C=C)C)C=C)C
cpd00421,UNXRWKVEANCORM-UHFFFAOYSA-I,[O-]P(=O)([O-])OP(=O)([O-])OP(=O)([O-])[O-]
cpd01982,SKCBPEVYGOQGJN-TXICZTDVSA-M,C(C1C(C(C(O1)[NH3+])O)O)OP(=O)([O-])[O-]
cpd02642,PMFMJXPRNJUYMB-GWOFURMSSA-K,C1=CC=C(C(=C1)C(=O)[O-])NC2C(C(C(O2)COP(=O)([O-])[O-])O)O
cpd01777,RTQMRTSPTLIIHM-KEOHHSTQSA-J,C1=NC2=C(N1C3C(C(C(O3)COP(=O)([O-])[O-])O)O)N=CN(C2=N)C4C(C(C(O4)COP(=O)([O-])[O-])O)O
cpd01775,RKNHJBVBFHDXGR-KEOHHSTQSA-H,C1=NC2=C(N1C3C(C(C(O3)COP(=O)([O-])OP(=O)([O-])OP(=O)([O-])[O-])O)O)N=CN(C2=N)C4C(C(C(O4)COP(=O)([O-])[O-])O)O
cpd15661,NA,noinchikey_inpubchem
cpd15662,NA,noinchikey_inpubchem
cpd02979,QOUSHGMTBIIAHR-KEOHHSTQSA-J,C1=NC(=C(N1C2C(C(C(O2)COP(=O)([O-])[O-])O)O)NC=NC3C(C(C(O3)COP(=O)([O-])[O-])O)O)C(=O)N
cpd02991,BLKFNHOCHNCLII-GHVQHMAVSA-J,C1=NC(=C(N1C2C(C(C(O2)COP(=O)([O-])[O-])O)O)NC=NCC(=O)C(C(COP(=O)([O-])[O-])O)O)C(=O)N
cpd00129,ONIBWKKTOPOVIA-BYPYZUCNSA-N,C1CC(NC1)C(=O)O
cpd00103,PQGCEDQWHSBAJP-TXICZTDVSA-I,C(C1C(C(C(O1)OP(=O)([O-])OP(=O)([O-])[O-])O)O)OP(=O)([O-])[O-]
cpd15557,TZCPCKNHXULUIY-RGULYWFUSA-M,CCCCCCCCCCCCCCCCCC(=O)OCC(COP(=O)([O-])OCC(C(=O)[O-])[NH3+])OC(=O)CCCCCCCCCCCCCCCCC
cpd00738,BZQFBWGGLXLEPQ-REOHCLBHSA-L,C(C(C(=O)[O-])[NH3+])OP(=O)([O-])[O-]
cpd02524,QSYCTARXWYLMOF-CBAPKCEASA-M,CC(C)(CO)C(C(=O)NCCC(=O)NC(CS)C(=O)[O-])O
cpd00118,KIDHWZJUCRJVML-UHFFFAOYSA-P,C(CC[NH3+])C[NH3+]
cpd00620,ZNXZGRMVNNHPCA-VIFPVBQESA-N,CC(C)(CO)C(C(=O)NCCC(=O)NCCS)O
cpd00493,ZMJGSOSNSPKHNH-UHFFFAOYSA-M,CC1=NC=C(C(=C1O)C[NH3+])COP(=O)([O-])[O-]
cpd00419,NHZMQXZHNVQTQA-UHFFFAOYSA-O,CC1=NC=C(C(=C1O)C[NH3+])CO
cpd00215,RADKZDMFGJYCBB-UHFFFAOYSA-N,CC1=NC=C(C(=C1O)C=O)CO
cpd00016,NGVDGCNFYWLIFO-UHFFFAOYSA-L,CC1=NC=C(C(=C1O)C=O)COP(=O)([O-])[O-]
cpd00263,LXNHXLLTXMVWPM-UHFFFAOYSA-N,CC1=NC=C(C(=C1O)CO)CO
cpd00020,LCTONWCANYUPML-UHFFFAOYSA-M,CC(=O)C(=O)[O-]
cpd15560,ICFIZJQGJAJRSU-SGHXUWJISA-N,now
cpd15561,ICFIZJQGJAJRSU-SGHXUWJISA-N,now
cpd02333,GJAWHXHKYYXBSV-UHFFFAOYSA-L,C1=CC(=C(N=C1)C(=O)[O-])C(=O)[O-]
cpd00475,YXJDFQJKERBOBM-TXICZTDVSA-L,C(C1C(C(C(O1)OP(=O)([O-])[O-])O)O)O
cpd03593,NPYQJIHHTGFBLN-STHAYSLISA-L,CC(C(C(=O)[O-])O)C(=O)[O-]
cpd00101,KTVPXOYAKDPRHY-AIHAYLRMSA-L,C(C1C(C(C(O1)O)O)O)OP(=O)([O-])[O-]
cpd00382,MUPFEKGTMRGPLJ-ZQSKZDJDSA-N,C(C1C(C(C(C(O1)OCC2C(C(C(C(O2)OC3(C(C(C(O3)CO)O)O)CO)O)O)O)O)O)O)O
cpd03423,HLRUKOJSWOKCPP-SYQHCUMBSA-N,CC1=CC2=C(C=C1C)N(C=N2)C3C(C(C(O3)CO)O)O
cpd02227,IQFWYNFDWRYSRA-BLELIYKESA-N,C(CSCC1C(C(C(O1)O)O)O)C(C(=O)O)N
cpd00105,HMFHBZSHGGEWLO-SOOFDHNKSA-N,C(C1C(C(C(O1)O)O)O)O
cpd00220,AUNGANRZJHBGPY-SCRDCRAPSA-M,CC1=CC2=C(C=C1C)N(C3=NC(=NC(=O)C3=N2)[O-])CC(C(C(CO)O)O)O
cpd00396,PNNNRSAQSRJVSB-BXKVDMCESA-N,CC(C(C(C(C=O)O)O)O)O
cpd02016,JLEBZPBDRKPWTD-TURQNECASA-O,C1=CC(=C[N+](=C1)C2C(C(C(O2)CO)O)O)C(=O)N
cpd00171,FNZLKVNUWIIPSJ-UHNVWZDZSA-L,C(C(C(C(=O)CO)O)O)OP(=O)([O-])[O-]
cpd00349,OKHXOUGRECCASI-SHUUEZRQSA-J,C(C(C(C(C(C(=O)COP(=O)([O-])[O-])O)O)O)O)OP(=O)([O-])[O-]
cpd00238,JDTUMPKOJBQPKX-GBNDHIKLSA-L,C(C(C(C(C(C(=O)CO)O)O)O)O)OP(=O)([O-])[O-]
cpd03698,FSJKOMDYZYBBLV-UJPOAAIJSA-L,C1=CC=C(C(=C1)CO)OC2C(C(C(C(O2)COP(=O)([O-])[O-])O)O)O
cpd01030,NGFMICBWJRZIBI-UJPOAAIJSA-N,C1=CC=C(C(=C1)CO)OC2C(C(C(C(O2)CO)O)O)O
cpd00588,FBPFZTCFMRRESA-JGWLITMVSA-N,C(C(C(C(C(CO)O)O)O)O)O
cpd00491,GACTWZZMVMUKNG-SLPGGIOYSA-L,now
cpd00804,GACTWZZMVMUKNG-SLPGGIOYSA-L,now
cpd02021,AVOVYFCDODUXLY-HSJNEKGZSA-I,CC(C)(COP(=O)([O-])OP(=O)([O-])OCC1C(C(C(O1)N2C=NC3=C(N=CN=C32)N)O)OP(=O)([O-])[O-])C(C(=O)NCCC(=O)NCCSC(=O)C4=CC=CC=C4C(=O)CCC(=O)[O-])O
cpd03426,KWIZRXMMFRBUML-AHGFGAHVSA-F,noinchikey_inpubchem
cpd00054,MTCFGRXMJLQNBG-REOHCLBHSA-N,C(C(C(=O)O)N)O
cpd00557,DLKSSIHHLYNIKN-QIISWYHFSA-D,CC1(C(C2=CC3=NC(=CC4=C(C(=C([N-]4)C=C5C(=C(C(=N5)C=C1[N-]2)CC(=O)[O-])CCC(=O)[O-])CCC(=O)[O-])CC(=O)[O-])C(C3(C)CC(=O)[O-])CCC(=O)[O-])CCC(=O)[O-])CC(=O)[O-].[Fe+2]
cpd00383,JXOHGGNKMLTUBP-HSUXUTPPSA-M,C1C(C(C(C=C1C(=O)[O-])O)O)O
cpd02030,QYOJSKGCWNAKGW-PBXRRBTRSA-K,C1C(C(C(C=C1C(=O)[O-])OP(=O)([O-])[O-])O)O
cpd00081,LSNNMFCWUKXFEE-UHFFFAOYSA-L,[O-]S(=O)[O-]
cpd00048,QAOWNCQODCNURD-UHFFFAOYSA-L,[O-]S(=O)(=O)[O-]
cpd00264,ATHGHQPFGPMSJY-UHFFFAOYSA-Q,C(CC[NH2+]CCC[NH3+])C[NH3+]
cpd01031,LKDRXBCSQODPBY-AMVSKUEXSA-N,C1C(C(C(C(O1)(CO)O)O)O)O
cpd00327,SIARJEKBADXQJG-LFZQUHGESA-J,CCCCCCCCCCCCCCCCCC(=O)SCCNC(=O)CCNC(=O)C(C(C)(C)COP(=O)([O-])OP(=O)([O-])OCC1C(C(C(O1)N2C=NC3=C(N=CN=C32)N)O)OP(=O)([O-])[O-])O
cpd01133,UQZIYBXSHAGNOE-XNSRJBNMSA-N,C(C1C(C(C(C(O1)OCC2C(C(C(C(O2)OCC3C(C(C(C(O3)OC4(C(C(C(O4)CO)O)O)CO)O)O)O)O)O)O)O)O)O)O
cpd01693,PJTTXANTBQDXME-UGDNZRGBSA-L,C(C1C(C(C(C(O1)OC2(C(C(C(O2)COP(=O)([O-])[O-])O)O)CO)O)O)O)O
cpd01772,YIVWQNVQRXFZJB-UHFFFAOYSA-L,C1=CC=C(C(=C1)C(=O)CCC(=O)[O-])C(=O)[O-]
cpd00036,KDYFGRWQOYBRFD-UHFFFAOYSA-L,C(CC(=O)[O-])C(=O)[O-]
cpd00078,VNOYUJKHFWYWIR-ITIYDSSPSA-I,CC(C)(COP(=O)([O-])OP(=O)([O-])OCC1C(C(C(O1)N2C=NC3=C(N=CN=C32)N)O)OP(=O)([O-])[O-])C(C(=O)NCCC(=O)NCCSC(=O)CCC(=O)[O-])O
cpd00822,GNISQJGXJIDKDJ-YFKPBYRVSA-M,C(COC(=O)CCC(=O)[O-])C(C(=O)[O-])[NH3+]
cpd00076,CZMRCDWAGMRECN-UGDNZRGBSA-N,C(C1C(C(C(C(O1)OC2(C(C(C(O2)CO)O)O)CO)O)O)O)O
cpd15568,NA,noinchikey_inpubchem
cpd15570,NA,noinchikey_inpubchem
cpd00589,BJHIKXHVCXFQLS-PQLUHFTBSA-N,C(C(C(C(C(=O)CO)O)O)O)O
cpd00805,BGWGXPAPYGQALX-OEXCPVAWSA-L,C(C1C(C(C(O1)(CO)O)O)O)OP(=O)([O-])[O-]
cpd02371,RNBGYGVWRKECFJ-OEXCPVAWSA-J,C(C1C(C(C(O1)(COP(=O)([O-])[O-])O)O)O)OP(=O)([O-])[O-]
cpd00666,FEWJPZIEWOKRBE-LWMBPPNESA-L,C(C(C(=O)[O-])O)(C(=O)[O-])O
cpd11459,NA,noinchikey_inpubchem
cpd03127,MBCVYCOKMMMWLX-YYMFEJJQSA-J,CCCCCCCCCCCC=CC(=O)SCCN=C(CCN=C(C(C(C)(C)COP(=O)(O)OP(=O)(O)OCC1C(C(C(O1)N2C=NC3=C(N=CN=C32)N)O)OP(=O)([O-])[O-])O)[O-])[O-]
cpd01695,DUAFKXOFBZQTQE-QSGBVPJFSA-J,CCCCCCCCCCCCCC(=O)SCCNC(=O)CCNC(=O)C(C(C)(C)COP(=O)([O-])OP(=O)([O-])OCC1C(C(C(O1)N2C=NC3=C(N=CN=C32)N)O)OP(=O)([O-])[O-])O
cpd11469,NA,noinchikey_inpubchem
cpd15294,NA,noinchikey_inpubchem
cpd11475,NA,noinchikey_inpubchem
cpd02465,CXMBCXQHOXUCEO-BYPYZUCNSA-L,C1CC(N=C(C1)C(=O)[O-])C(=O)[O-]
cpd11473,NA,noinchikey_inpubchem
cpd00087,MSTNYGQPCMXVAQ-RYUDHWBXSA-L,C1C(NC2=C(N1)NC(=NC2=O)N)CNC3=CC=C(C=C3)C(=O)NC(CCC(=O)[O-])C(=O)[O-]
cpd06227,ZAOGJXDWOQXFBW-FGRDXJNISA-K,noinchikey_inpubchem
cpd00305,MYVIATVLJGTBFV-UHFFFAOYSA-M,CC1=C(SC=[N+]1CC2=CN=C(N=C2N)C)CCO.[Cl-]
cpd00793,HZSAJDVWZRBGIF-UHFFFAOYSA-M,CC1=C(SC=[N+]1CC2=CN=C(N=C2N)C)CCOP(=O)([O-])[O-]
cpd00056,AYEKOFBPNLCAJY-UHFFFAOYSA-L,CC1=C(SC=[N+]1CC2=CN=C(N=C2N)C)CCOP(=O)([O-])OP(=O)([O-])[O-]
cpd00161,AYFVYJQAPQTCCC-GBXIJSLDSA-N,CC(C(C(=O)O)N)O
cpd00184,IQFYYKKMVGJFEH-XLPZGREQSA-N,CC1=CN(C(=O)NC1=O)C2CC(C(O2)CO)O
cpd11467,NA,noinchikey_inpubchem
cpd11471,NA,noinchikey_inpubchem
cpd15572,NA,noinchikey_inpubchem
cpd11477,NA,noinchikey_inpubchem
cpd11420,NA,noinchikey_inpubchem
cpd11421,NA,noinchikey_inpubchem
cpd00794,HDTRYLNUVZCQOY-LIZSDCNHSA-N,C(C1C(C(C(C(O1)OC2C(C(C(C(O2)CO)O)O)O)O)O)O)O
cpd00523,LABSPYBHMPDTEL-LIZSDCNHSA-L,C(C1C(C(C(C(O1)OC2C(C(C(C(O2)COP(=O)([O-])[O-])O)O)O)O)O)O)O
cpd11912,NA,noinchikey_inpubchem
cpd00065,QIVBCDIJIAJPQS-VIFPVBQESA-N,C1=CC=C2C(=C1)C(=CN2)CC(C(=O)O)N
cpd00268,DHCDFWKWKRSZHF-UHFFFAOYSA-M,OS(=O)(=S)[O-]
cpd08211,NA,noinchikey_inpubchem
cpd15298,NA,noinchikey_inpubchem
cpd00069,OUYCCCASQSFEME-QMMMGPOBSA-N,C1=CC(=CC=C1CC(C(=O)O)N)O
cpd02886,TZSJGZGYQDNRRX-MPLCHSTDSA-L,CCCCCCCCCCCC(CC(=O)OC1C(C(OC(C1O)CO)OP(=O)([O-])OP(=O)([O-])OCC2C(C(C(O2)N3C=CC(=O)NC3=O)O)O)NC(=O)C)O
cpd03487,NA,noinchikey_inpubchem
cpd03488,NA,noinchikey_inpubchem
cpd03491,ULXTYUPMJXVUHQ-OVTFQNCVSA-K,CC(C(=O)NC(CCC(=O)NC(CCCC[NH3+])C(=O)NC(C)C(=O)NC(C)C(=O)[O-])C(=O)[O-])NC(=O)C(C)OC1C(C(OC(C1OC2C(C(C(C(O2)CO)O)O)NC(=O)C)CO)OP(=O)([O-])OP(=O)([O-])OCC=C(C)CCC=C(C)CCC=C(C)CCC=C(C)CCC=C(C)CCC=C(C)CCC=C(C)CCC=C(C)CCC=C(C)CCC=C(C)CCC=C(C)C)NC(=O)C
cpd03492,CALJPWOWZPDIQK-PRHZHQPTSA-L,CC(C(=O)NC(CCC(=O)NC(CCCC[NH3+])C(=O)NC(C)C(=O)NC(C)C(=O)[O-])C(=O)N)NC(=O)C(C)OC1C(C(OC(C1OC2C(C(C(C(O2)CO)O)O)NC(=O)C)CO)OP(=O)([O-])OP(=O)([O-])OCC=C(C)CCC=C(C)CCC=C(C)CCC=C(C)CCC=C(C)CCC=C(C)CCC=C(C)CCC=C(C)CCC=C(C)CCC=C(C)CCC=C(C)C)NC(=O)C
cpd03495,OXJNZXDFVLDLEI-MBCYCBSHSA-J,CC(C(=O)NC(CCC(=O)NC(CCCC(C(=O)[O-])[NH3+])C(=O)NC(C)C(=O)NC(C)C(=O)[O-])C(=O)[O-])NC(=O)C(C)OC1C(C(OC(C1OC2C(C(C(C(O2)CO)O)O)NC(=O)C)CO)OP(=O)([O-])OP(=O)([O-])OCC=C(C)CCC=C(C)CCC=C(C)CCC=C(C)CCC=C(C)CCC=C(C)CCC=C(C)CCC=C(C)CCC=C(C)CCC=C(C)CCC=C(C)C)NC(=O)C
cpd03496,NA,noinchikey_inpubchem
cpd02820,BEGZZYPUNCJHKP-DBYWSUQTSA-K,CC(=O)NC1C(C(C(OC1OP(=O)([O-])OP(=O)([O-])OCC2C(C(C(O2)N3C=CC(=O)NC3=O)O)O)CO)O)OC(=C)C(=O)[O-]
cpd00037,LFTYTUAZOPRMMI-CFRASDGPSA-L,CC(=O)NC1C(C(C(OC1OP(=O)([O-])OP(=O)([O-])OCC2C(C(C(O2)N3C=CC(=O)NC3=O)O)O)CO)O)O
cpd00861,LFTYTUAZOPRMMI-ZYQOOJPVSA-L,CC(=O)NC1C(C(C(OC1OP(=O)([O-])OP(=O)([O-])OCC2C(C(C(O2)N3C=CC(=O)NC3=O)O)O)CO)O)O
cpd02948,SULOOAFLXMQJSF-OGDYFQGPSA-K,CC(C(=O)NC(CCC(=O)NC(CCCC[NH3+])C(=O)NC(C)C(=O)NC(C)C(=O)[O-])C(=O)[O-])NC(=O)C(C)OC1C(C(OC(C1O)CO)OP(=O)([O-])OP(=O)([O-])OCC=C(C)CCC=C(C)CCC=C(C)CCC=C(C)CCC=C(C)CCC=C(C)CCC=C(C)CCC=C(C)CCC=C(C)CCC=C(C)CCC=C(C)C)NC(=O)C
cpd03490,RLNOPSGEZLGFAH-BSIIKIOPSA-K,CC(C(=O)NC(CCC(=O)[O-])C(=O)NC(CCCC[NH3+])C(=O)[O-])NC(=O)C(C)OC1C(C(OC(C1O)CO)OP(=O)([O-])OP(=O)([O-])OCC2C(C(C(O2)N3C=CC(=O)NC3=O)O)O)NC(=O)C
cpd02862,PFMVORMCVGOQKR-XNCOKRRHSA-K,CC(C(=O)NC(CCC(=O)NC(CCCC[NH3+])C(=O)NC(C)C(=O)NC(C)C(=O)[O-])C(=O)[O-])NC(=O)C(C)OC1C(C(OC(C1O)CO)OP(=O)([O-])OP(=O)([O-])OCC2C(C(C(O2)N3C=CC(=O)NC3=O)O)O)NC(=O)C
cpd03494,PNWZQTONLRRPST-KLDRQJOASA-J,CC(C(=O)NC(CCC(=O)NC(CCCC(C(=O)[O-])[NH3+])C(=O)NC(C)C(=O)NC(C)C(=O)[O-])C(=O)[O-])NC(=O)C(C)OC1C(C(OC(C1O)CO)OP(=O)([O-])OP(=O)([O-])OCC=C(C)CCC=C(C)CCC=C(C)CCC=C(C)CCC=C(C)CCC=C(C)CCC=C(C)CCC=C(C)CCC=C(C)CCC=C(C)CCC=C(C)C)NC(=O)C
cpd00890,NTMMCWJNQNKACG-KBKUWGQMSA-K,CC(C(=O)[O-])NC(=O)C(C)OC1C(C(OC(C1O)CO)OP(=O)([O-])OP(=O)([O-])OCC2C(C(C(O2)N3C=CC(=O)NC3=O)O)O)NC(=O)C
cpd00525,OJZCATPXPWFLHF-HPUCEMLMSA-J,CC(C(=O)NC(CCC(=O)[O-])C(=O)[O-])NC(=O)C(C)OC1C(C(OC(C1O)CO)OP(=O)([O-])OP(=O)([O-])OCC2C(C(C(O2)N3C=CC(=O)NC3=O)O)O)NC(=O)C
cpd00773,NQBRVZNDBBMBLJ-MQTLHLSBSA-K,CC(C(=O)[O-])OC1C(C(OC(C1O)CO)OP(=O)([O-])OP(=O)([O-])OCC2C(C(C(O2)N3C=CC(=O)NC3=O)O)O)NC(=O)C
cpd02229,NTXGVHCCXVHYCL-RDQGWRCRSA-K,CC(=CCCC(=CCCC(=CCCC(=CCCC(=CCCC(=CCCC(=CCCC(=CCCC(=CCCC(=CCCC(=CCOP(=O)([O-])OP(=O)([O-])[O-])C)C)C)C)C)C)C)C)C)C)C
cpd00286,UFPHFKCTOZIAFY-RDQGWRCRSA-L,CC(=CCCC(=CCCC(=CCCC(=CCCC(=CCCC(=CCCC(=CCCC(=CCCC(=CCCC(=CCCC(=CCOP(=O)([O-])[O-])C)C)C)C)C)C)C)C)C)C)C
cpd00014,XCCTYIAWTASOJW-XVFCMESISA-K,C1=CN(C(=O)NC1=O)C2C(C(C(O2)COP(=O)([O-])OP(=O)([O-])[O-])O)O
cpd00175,LFTYTUAZOPRMMI-LDDHHVEYSA-L,CC(=O)NC1C(C(C(OC1OP(=O)([O-])OP(=O)([O-])OCC2C(C(C(O2)N3C=CC(=O)NC3=O)O)O)CO)O)O
cpd00026,HSCJRCZFDFQWRP-RDKQLNKOSA-L,C1=CN(C(=O)NC1=O)C2C(C(C(O2)COP(=O)([O-])OP(=O)([O-])OC3C(C(C(C(O3)CO)O)O)O)O)O
cpd00043,HSCJRCZFDFQWRP-ABVWGUQPSA-L,C1=CN(C(=O)NC1=O)C2C(C(C(O2)COP(=O)([O-])OP(=O)([O-])OC3C(C(C(C(O3)CO)O)O)O)O)O
cpd02338,ZQLQOXLUCGXKHS-SIAUPFDVSA-L,C1=CN(C(=O)NC1=O)C2C(C(C(O2)COP(=O)([O-])OP(=O)([O-])OC3C(C(C(O3)C(CO)O)O)O)O)O
cpd00144,HDYANYHVCAPMJV-LXQIFKJMSA-K,C1=CN(C(=O)NC1=O)C2C(C(C(O2)COP(=O)([O-])OP(=O)([O-])OC3C(C(C(C(O3)C(=O)[O-])O)O)O)O)O
cpd02964,NA,noinchikey_inpubchem
cpd02968,NA,noinchikey_inpubchem
cpd00091,DJJCXFVJDGTHFX-XVFCMESISA-L,C1=CN(C(=O)NC1=O)C2C(C(C(O2)COP(=O)([O-])[O-])O)O
cpd00946,NEVJGTXBHJNFAZ-JXCMATCVSA-L,CC(=CCCC(=CCCC(=CCCC(=CCCC(=CCCC(=CCCC(=CCCC(=CCCC(=CCCC(=CCCC(=CCOP(=O)([O-])OP(=O)([O-])OC1C(C(C(C(O1)CO)O)O)NC(=O)C)C)C)C)C)C)C)C)C)C)C)C
cpd00774,HUHWZXWWOFSFKF-UHFFFAOYSA-F,C1C2=C(C(=C(N2)CC3=C(C(=C(N3)CC4=C(C(=C(N4)CC5=C(C(=C1N5)CCC(=O)[O-])CC(=O)[O-])CC(=O)[O-])CCC(=O)[O-])CC(=O)[O-])CCC(=O)[O-])CC(=O)[O-])CCC(=O)[O-]
cpd00092,ISAKRJDGNUQOIC-UHFFFAOYSA-N,C1=CNC(=O)NC1=O
cpd00073,XSQUKJJJFZCRTK-UHFFFAOYSA-N,C(=O)(N)N
cpd00249,DRTQHJPVMGBUCF-XVFCMESISA-N,C1=CN(C(=O)NC1=O)C2C(C(C(O2)CO)O)O
cpd00062,PGAVKCOVUIYSFO-XVFCMESISA-J,C1=CN(C(=O)NC1=O)C2C(C(C(O2)COP(=O)([O-])OP(=O)([O-])OP(=O)([O-])[O-])O)O
cpd00156,KZSNJWFQEVHDMF-BYPYZUCNSA-N,CC(C)C(C(=O)O)N
cpd00309,LRFVTYWOQMYALW-UHFFFAOYSA-N,C1=NC2=C(N1)C(=O)NC(=O)N2
cpd00497,DCTLYFZHFGENCW-UUOKFMHZSA-L,C1=NC2=C(N1C3C(C(C(O3)COP(=O)([O-])[O-])O)O)NC(=O)NC2=O
cpd00530,CAEFEWVYEZABLA-UUOKFMHZSA-J,C1=NC2=C(N1C3C(C(C(O3)COP(=O)([O-])OP(=O)([O-])OP(=O)([O-])[O-])O)O)NC(=O)NC2=O
cpd01217,UBORTCNDUKBEOP-UUOKFMHZSA-N,C1=NC2=C(N1C3C(C(C(O3)CO)O)O)NC(=O)NC2=O
cpd00198,FNZLKVNUWIIPSJ-RFZPGFLSSA-L,C(C(C(C(=O)CO)O)O)OP(=O)([O-])[O-]
cpd00154,SRBFZHDQGSBBOR-IOVATXLUSA-N,now
cpd26831,SRBFZHDQGSBBOR-IOVATXLUSA-N,now
cpd00306,HEBKCHPVOIAQTA-SCDXWVJYSA-N,noinchikey_inpubchem
cpd00034,PTFCDOFLOPIGGS-UHFFFAOYSA-N,[Zn+2]
