id,smiles
cpd00957,Nc1nc(N[C@@H]2O[C@H](COP(=O)([O-])[O-])[C@@H](O)[C@H]2O)c(N)c(=O)[nH]1
cpd00287,CC(C=O)C(=O)[O-]
cpd03447,COC1=CC(=O)C=C(C/C=C(\C)CC/C=C(\C)CC/C=C(\C)CC/C=C(\C)CC/C=C(\C)CC/C=C(\C)CC/C=C(\C)CCC=C(C)C)C1=O
cpd03448,COC1=CC(=O)C(C)=C(C/C=C(\C)CC/C=C(\C)CC/C=C(\C)CC/C=C(\C)CC/C=C(\C)CC/C=C(\C)CC/C=C(\C)CCC=C(C)C)C1=O
cpd00868,O=C([O-])C(=O)Cc1ccc(O)cc1
cpd00938,O=C([O-])C[C@]1(C(=O)[O-])C=CC(=O)O1
cpd02738,CN1c2c(nc(N)[nH]c2=O)NC[C@@H]1CNc1ccc(C(=O)N[C@@H](CCC(=O)N[C@@H](CCC(=O)N[C@@H](CCC(=O)[O-])C(=O)[O-])C(=O)[O-])C(=O)[O-])cc1
cpd03198,OC[C@H]1O[C@H](OC[C@H]2OC(O)[C@H](O)[C@@H](O)[C@@H]2O)[C@H](O)[C@@H](O)[C@H]1O
cpd00954,Nc1nc(O)c2c(n1)NCC(CO)=N2
cpd02920,Nc1nc2c(c(=O)[nH]1)N=C(COP(=O)([O-])OP(=O)([O-])[O-])CN2
cpd19019,[NH3+][C@@H](CCSC[C@H]([NH3+])C(=O)[O-])C(=O)[O-]
cpd00731,C[C@@H]([NH3+])C(=O)N[C@H](C)C(=O)[O-]
cpd00072,O=P([O-])([O-])OC[C@H]1OC(O)(CO)[C@@H](O)[C@@H]1O
cpd00242,O=C([O-])O
cpd00013,[NH4+]
cpd00013,[NH4+]
cpd02557,CC(C)=CCC/C(C)=C/CC/C(C)=C/CC/C(C)=C/CC/C(C)=C/CC/C(C)=C/CC/C(C)=C/CC/C(C)=C/COP(=O)([O-])OP(=O)([O-])O
cpd00001,O
cpd00001,O
cpd00064,[NH3+]CCC[C@H]([NH3+])C(=O)[O-]
cpd01620,C[C@@]1(CC(=O)[O-])/C2=C/c3[nH]c(c(CCC(=O)[O-])c3CC(=O)[O-])Cc3[nH]c(c(CC(=O)[O-])c3CCC(=O)[O-])/C=C3\N/C(=C\C(=[NH+]2)[C@H]1CCC(=O)[O-])[C@@](C)(CC(=O)[O-])[C@@H]3CCC(=O)[O-]
cpd15561,COc1c(O)c(C)c(C/C=C(\C)CC/C=C(\C)CC/C=C(\C)CC/C=C(\C)CC/C=C(\C)CC/C=C(\C)CC/C=C(\C)CCC=C(C)C)c(O)c1OC
cpd15560,COC1=C(OC)C(=O)C(C/C=C(\C)CC/C=C(\C)CC/C=C(\C)CC/C=C(\C)CC/C=C(\C)CC/C=C(\C)CC/C=C(\C)CCC=C(C)C)=C(C)C1=O
cpd03698,O=P([O-])([O-])OC[C@H]1O[C@@H](Oc2ccccc2CO)[C@H](O)[C@@H](O)[C@@H]1O
cpd00666,O=C([O-])[C@H](O)[C@@H](O)C(=O)[O-]
cpd02555,Nc1nc2c(c(=O)[nH]1)N[C@@H](CNc1ccc(C(=O)N[C@@H](CCC(=O)N[C@@H](CCC(=O)N[C@@H](CCC(=O)[O-])C(=O)[O-])C(=O)[O-])C(=O)[O-])cc1)CN2
cpd02060,CCCCCCCCC/C=C/C(=O)SCCNC(=O)CCNC(=O)C(O)C(C)(C)COP(=O)([O-])OP(=O)([O-])OC[C@H]1OC(n2cnc3c(N)ncnc32)[C@H](O)[C@@H]1OP(=O)([O-])[O-]
cpd02862,CC(=O)N[C@H]1[C@@H](OP(=O)([O-])OP(=O)([O-])OC[C@H]2O[C@@H](n3ccc(=O)[nH]c3=O)[C@H](O)[C@@H]2O)O[C@H](CO)[C@@H](O)[C@@H]1O[C@H](C)C(=O)N[C@@H](C)C(=O)N[C@H](CCC(=O)N[C@@H](CCCC[NH3+])C(=O)N[C@H](C)C(=O)N[C@H](C)C(=O)[O-])C(=O)[O-]
cpd03490,CC(=O)N[C@H]1[C@@H](OP(=O)([O-])OP(=O)([O-])OC[C@H]2O[C@@H](n3ccc(=O)[nH]c3=O)[C@H](O)[C@@H]2O)O[C@H](CO)[C@@H](O)[C@@H]1O[C@H](C)C(=O)N[C@@H](C)C(=O)N[C@H](CCC(=O)N[C@@H](CCCC[NH3+])C(=O)[O-])C(=O)[O-]
cpd02964,CC(=O)N[C@H]1[C@@H](OP(=O)([O-])OP(=O)([O-])OC[C@H]2O[C@@H](n3ccc(=O)[nH]c3=O)[C@H](O)[C@@H]2O)O[C@H](CO)[C@@H](O)[C@@H]1O[C@H](C)C(=O)N[C@@H](C)C(=O)N[C@H](CCC(=O)N[C@@H](CCC[C@@H]([NH3+])C(=O)[O-])C(=O)[O-])C(=O)[O-]
cpd02968,
cpd00201,Nc1nc2c(c(=O)[nH]1)N[C@@H](CN(C=O)c1ccc(C(=O)N[C@@H](CCC(=O)[O-])C(=O)[O-])cc1)CN2
cpd03524,Nc1nc2c(c(=O)[nH]1)N[C@@H](CN(C=O)c1ccc(C(=O)N[C@@H](CCC(=O)N[C@@H](CCC(=O)[O-])C(=O)[O-])C(=O)[O-])cc1)CN2
cpd15306,
cpd15307,
cpd15308,
cpd15309,
cpd15310,
cpd15311,
cpd15311,
cpd15312,
cpd00203,O=C(OP(=O)([O-])[O-])[C@H](O)COP(=O)([O-])[O-]
cpd01155,[NH3+]CCCCC[NH3+]
cpd15325,CCCCCCCCCCCC(=O)OC[C@@H](O)COP(=O)([O-])[O-]
cpd15327,
cpd15328,
cpd00922,O=C([O-])C1=[NH+]CCCC1
cpd02431,O=C([O-])[C@@H]1CCC=N1
cpd15330,
cpd15331,CCCCCCCCCCCCCC(=O)OC[C@@H](O)COP(=O)([O-])[O-]
cpd02566,O=C([O-])C1=CC=C[C@H](O)[C@H]1O
cpd02120,O=C([O-])C1=N[C@H](C(=O)[O-])CC=C1
cpd21488,O=C([O-])C1=N[C@H](C(=O)[O-])C[C@H](O)C1
cpd02498,CC(C)(O)C(O)C(=O)[O-]
cpd02535,CC[C@@](C)(O)[C@@H](O)C(=O)[O-]
cpd02921,Nc1c(C(=O)NC(CC(=O)[O-])C(=O)[O-])ncn1[C@@H]1O[C@H](COP(=O)([O-])[O-])[C@@H](O)[C@H]1O
cpd01793,O=C([O-])C(=O)[C@@H](O)[C@H](O)C(=O)CO
cpd15807,Nc1nc(NC[C@H](O)[C@H](O)[C@H](O)COP(=O)([O-])[O-])c(N)c(=O)[nH]1
cpd00516,[NH3+][C@@H](CCC[C@@H]([NH3+])C(=O)[O-])C(=O)[O-]
cpd00504,[NH3+][C@@H](CCC[C@H]([NH3+])C(=O)[O-])C(=O)[O-]
cpd00498,CC[C@](O)(C(C)=O)C(=O)[O-]
cpd03049,Cc1ncc(C[n+]2c(C(C)O)sc(CCOP(=O)([O-])OP(=O)([O-])O)c2C)c(N)n1
cpd00956,O=C([O-])c1ccccc1NCC(=O)[C@H](O)[C@H](O)COP(=O)([O-])[O-]
cpd02857,O=C([O-])C(=O)C[C@@H](O)[C@H](O)[C@H](O)COP(=O)([O-])[O-]
cpd00480,O=C([O-])C(=O)[C@@H](O)[C@H](O)[C@H](O)CO
cpd00712,CC(C)(CO)C(=O)C(=O)[O-]
cpd15352,CC(C)=CCC/C(C)=C/CC/C(C)=C/CC/C(C)=C/CC/C(C)=C/CC/C(C)=C/CC/C(C)=C/CC/C(C)=C/CC1=CC(=O)c2ccccc2C1=O
cpd15353,CC(C)=CCC/C(C)=C/CC/C(C)=C/CC/C(C)=C/CC/C(C)=C/CC/C(C)=C/CC/C(C)=C/CC/C(C)=C/Cc1cc(O)c2ccccc2c1O
cpd00509,O=P([O-])([O-])O[C@@H]1C[C@H](O)[C@@H](CO)O1
cpd00510,O=P([O-])([O-])OC[C@H]1OC(O)C[C@@H]1O
cpd01553,OCc1ccccc1O
cpd00524,O=C1[C@@H](O)[C@H](O)[C@@H](O)[C@H](O)[C@H]1O
cpd01710,CC(C)/C(=C/C(=O)[O-])C(=O)[O-]
cpd02124,CC(=O)C(C)C(=O)SCCNC(=O)CCNC(=O)[C@H](O)C(C)(C)COP(=O)([O-])OP(=O)([O-])OC[C@H]1O[C@@H](n2cnc3c(N)ncnc32)[C@H](O)[C@@H]1OP(=O)([O-])[O-]
cpd02894,Cc1nc(N)c(COP(=O)([O-])OP(=O)([O-])[O-])c[nH+]1
cpd08286,C[C@](O)(CO)[C@H](O)COP(=O)([O-])[O-]
cpd08301,C[C@@]1(CO)OP(=O)([O-])OP(=O)([O-])OC[C@H]1O
cpd00094,CCC(=O)C(=O)[O-]
cpd03445,CC(C)=CCC/C(C)=C/CC/C(C)=C/CC/C(C)=C/CC/C(C)=C/CC/C(C)=C/CC/C(C)=C/CC/C(C)=C/Cc1cccc(O)c1O
cpd03449,COc1c(O)c(O)c(C)c(C/C=C(\C)CC/C=C(\C)CC/C=C(\C)CC/C=C(\C)CC/C=C(\C)CC/C=C(\C)CC/C=C(\C)CCC=C(C)C)c1O
cpd03446,COc1cccc(C/C=C(\C)CC/C=C(\C)CC/C=C(\C)CC/C=C(\C)CC/C=C(\C)CC/C=C(\C)CC/C=C(\C)CCC=C(C)C)c1O
cpd03444,CC(C)=CCC/C(C)=C/CC/C(C)=C/CC/C(C)=C/CC/C(C)=C/CC/C(C)=C/CC/C(C)=C/CC/C(C)=C/Cc1ccccc1O
cpd08288,C[C@@](CO)(OP(=O)([O-])[O-])[C@H](O)COP(=O)([O-])OP(=O)([O-])OC[C@H]1O[C@@H](n2ccc(N)nc2=O)[C@H](O)[C@@H]1O
cpd00482,O=C([O-])[C@@H](CO)OP(=O)([O-])[O-]
cpd00727,O=C([O-])COP(=O)([O-])[O-]
cpd03451,O=C([O-])CCC(=O)C1=CC=C[C@@H](O)[C@@H]1C(=O)[O-]
cpd02693,CC(C)[C@H](C(=O)[O-])[C@@H](O)C(=O)[O-]
cpd01646,CC(C)[C@@](O)(CC(=O)[O-])C(=O)[O-]
cpd02605,CC(C)[C@H](C(=O)[O-])C(=O)C(=O)[O-]
cpd00699,O=C1C[C@@](O)(C(=O)[O-])C[C@@H](O)[C@@H]1O
cpd01716,O=C([O-])C1=CC(=O)[C@@H](O)[C@H](O)C1
cpd09844,CC(C)(COP(=O)([O-])OP(=O)([O-])OC[C@H]1O[C@@H](n2cnc3c(N)ncnc32)[C@H](O)[C@@H]1OP(=O)([O-])[O-])[C@@H](O)C(=O)NCCC(=O)NCCSC(=O)C[C@@H](O)CCC(=O)[O-]
cpd00842,C[C@H](O)CC(=O)SCCNC(=O)CCNC(=O)[C@H](O)C(C)(C)COP(=O)([O-])OP(=O)([O-])OC[C@H]1O[C@@H](n2cnc3c(N)ncnc32)[C@H](O)[C@@H]1OP(=O)([O-])[O-]
cpd11478,*SC(=O)C[C@@H](C)O
cpd15368,
cpd15370,
cpd11480,
cpd11482,
cpd03122,CCC[C@H](O)CC(=O)SCCNC(=O)CCNC(=O)C(O)C(C)(C)COP(=O)([O-])OP(=O)([O-])OC[C@H]1O[C@@H](n2cnc3c(N)ncnc32)[C@H](O)[C@@H]1OP(=O)([O-])[O-]
cpd11479,
cpd02691,C[C@H](O)[C@H](C)C(=O)SCCNC(=O)CCNC(=O)[C@H](O)C(C)(C)COP(=O)([O-])OP(=O)([O-])OC[C@H]1O[C@@H](n2cnc3c(N)ncnc32)[C@H](O)[C@@H]1OP(=O)([O-])[O-]
cpd02569,CC(C)(O)C(=O)C(=O)[O-]
cpd00876,CC(CO)C(=O)[O-]
cpd11484,
cpd15371,
cpd11483,*SC(=O)C[C@H](O)CCCCC
cpd11481,*SC(=O)C[C@H](O)CCCCCCCCCCCCC
cpd02210,O=P([O-])([O-])OC[C@@H](O)[C@@H](O)c1c[nH]c2ccccc12
cpd00123,CC(C)C(=O)C(=O)[O-]
cpd00508,CC[C@H](C)C(=O)C(=O)[O-]
cpd11489,
cpd11487,
cpd03123,CCCC(=O)CC(=O)SCCNC(=O)CCNC(=O)[C@H](O)C(C)(C)COP(=O)([O-])OP(=O)([O-])OC[C@H]1O[C@@H](n2cnc3c(N)ncnc32)[C@H](O)[C@@H]1OP(=O)([O-])[O-]
cpd11486,
cpd11491,
cpd11490,
cpd11485,
cpd03443,CC(C)=CCC/C(C)=C/CC/C(C)=C/CC/C(C)=C/CC/C(C)=C/CC/C(C)=C/CC/C(C)=C/CC/C(C)=C/Cc1cc(C(=O)[O-])ccc1O
cpd00169,O=C([O-])[C@H](O)COP(=O)([O-])[O-]
cpd02069,O=C([O-])C(=O)COP(=O)([O-])[O-]
cpd00932,C=C(O[C@@H]1CC(C(=O)[O-])=C[C@@H](OP(=O)([O-])[O-])[C@H]1O)C(=O)[O-]
cpd03034,C[C@H](CNC(N)=O)C(=O)[O-]
cpd00281,[NH3+]CCCC(=O)[O-]
cpd00434,[NH3+]CCCC=O
cpd00443,Nc1ccc(C(=O)[O-])cc1
cpd08210,C=C(O[C@@H]1C=C(C(=O)[O-])C=C[C@H]1[NH3+])C(=O)[O-]
cpd00939,Cc1nc(N)c(CO)c[nH+]1
cpd02775,Cc1nc(N)c(COP(=O)([O-])[O-])c[nH+]1
cpd08287,C[C@](O)(CO)[C@H](O)COP(=O)([O-])OP(=O)([O-])OC[C@H]1O[C@@H](n2ccc(N)nc2=O)[C@H](O)[C@@H]1O
cpd01042,Cc1ccc(O)cc1
cpd00780,O=C([O-])/C=C/C(=O)CC(=O)CC(=O)[O-]
cpd00136,O=C([O-])c1ccc(O)cc1
cpd03608,[NH3+][C@H](C(=O)[O-])[C@H](O)CO
cpd00200,CC(C)CC(=O)C(=O)[O-]
cpd02654,Cc1ncsc1CCOP(=O)([O-])[O-]
cpd01977,[NH3+][C@@H](CC(=O)OP(=O)([O-])[O-])C(=O)[O-]
cpd02201,CC(C)(COP(=O)([O-])[O-])[C@@H](O)C(=O)NCCC(=O)[O-]
cpd02666,CC(C)(COP(=O)([O-])[O-])[C@@H](O)C(=O)NCCC(=O)N[C@@H](CS)C(=O)[O-]
cpd02882,Nc1c(NC[C@H](O)[C@H](O)[C@H](O)CO)[nH]c(=O)[nH]c1=O
cpd00673,CC1CNC(=O)NC1=O
cpd00337,O=C1CCNC(=O)N1
cpd02893,Nc1c(C(=O)[O-])[nH+]cn1[C@@H]1O[C@H](COP(=O)([O-])[O-])[C@@H](O)[C@H]1O
cpd00338,[NH3+]CC(=O)CCC(=O)[O-]
cpd00729,NC(=O)CCCC[NH3+]
cpd02720,Nc1c(NC[C@H](O)[C@H](O)[C@H](O)COP(=O)([O-])[O-])[nH]c(=O)[nH]c1=O
cpd00931,Nc1c(N[C@@H]2O[C@H](COP(=O)([O-])[O-])[C@@H](O)[C@H]2O)[nH]c(=O)[nH]c1=O
cpd00339,[NH3+]CCCCC(=O)[O-]
cpd11310,O=C([O-])Nc1cncn1[C@@H]1O[C@H](COP(=O)([O-])[O-])[C@@H](O)[C@H]1O
cpd02197,Nc1nc2c(c(=O)[nH]1)N(C=O)[C@@H](CNc1ccc(C(=O)N[C@@H](CCC(=O)[O-])C(=O)[O-])cc1)CN2
cpd08625,O=C1N=C2NC(=O)N[C@@]2(O)C(=O)N1
cpd09027,NC(=O)NC1=NC(=O)N[C@@]1(O)C(=O)[O-]
cpd00147,CSC[C@H]1O[C@@H](n2cnc3c(N)ncnc32)[C@H](O)[C@@H]1O
cpd00345,CN1c2c(nc(N)[nH]c2=O)NC[C@@H]1CNc1ccc(C(=O)N[C@@H](CCC(=O)[O-])C(=O)[O-])cc1
cpd01981,CSC[C@H]1OC(O)[C@H](O)[C@@H]1O
cpd02255,O=C([O-])CC1=CCC(=O)O1
cpd02904,Cc1cc2ncn([C@H]3O[C@H](COP(=O)([O-])[O-])[C@@H](O)[C@H]3O)c2cc1C
cpd02074,[NH3+]CCCCC(=O)C(=O)[O-]
cpd00284,O=C([O-])[C@H](O)[C@@H](O)[C@H](O)[C@H](O)COP(=O)([O-])[O-]
cpd00911,O=C1O[C@H](COP(=O)([O-])[O-])[C@@H](O)[C@H](O)[C@H]1O
cpd04122,[NH3+]CC=O
cpd00279,CC(=O)CC(=O)SCCNC(=O)CCNC(=O)[C@H](O)C(C)(C)COP(=O)([O-])OP(=O)([O-])OC[C@H]1O[C@@H](n2cnc3c(N)ncnc32)[C@H](O)[C@@H]1OP(=O)([O-])[O-]
cpd00029,CC(=O)[O-]
cpd00142,CC(=O)CC(=O)[O-]
cpd11494,
cpd00071,CC=O
cpd00022,CC(=O)SCCNC(=O)CCNC(=O)[C@H](O)C(C)(C)COP(=O)([O-])OP(=O)([O-])OC[C@H]1O[C@@H](n2cnc3c(N)ncnc32)[C@H](O)[C@@H]1OP(=O)([O-])[O-]
cpd02552,CC(=O)N[C@@H](CCC(=O)OP(=O)([O-])[O-])C(=O)[O-]
cpd00918,CC(=O)N[C@@H](CCC=O)C(=O)[O-]
cpd00122,CC(=O)N[C@H]1C(O)O[C@H](CO)[C@@H](O)[C@@H]1O
cpd00122,CC(=O)N[C@H]1C(O)O[C@H](CO)[C@@H](O)[C@@H]1O
cpd02611,CC(=O)N[C@@H]1C(OP(=O)([O-])[O-])O[C@H](CO)[C@@H](O)[C@@H]1O
cpd00293,CC(=O)N[C@H]1C(O)O[C@H](COP(=O)([O-])[O-])[C@@H](O)[C@@H]1O
cpd00477,CC(=O)N[C@@H](CCC(=O)[O-])C(=O)[O-]
cpd00790,CC(=O)OCC[C@H]([NH3+])C(=O)[O-]
cpd00492,CC(=O)N[C@@H]1C(O)O[C@H](CO)[C@@H](O)[C@@H]1O
cpd00331,O=C([O-])/C=C(/CC(=O)[O-])C(=O)[O-]
cpd01563,O=C([O-])/C=C(\CC(=O)[O-])C(=O)[O-]
cpd08353,COC(=O)/C(=C/C(=O)[O-])CC(=O)[O-]
cpd00342,CC(=O)N[C@@H](CCC[NH3+])C(=O)[O-]
cpd11493,
cpd00722,CC(=O)OC[C@H]([NH3+])C(=O)[O-]
cpd11488,
cpd00196,CC(=O)OP(=O)([O-])[O-]
cpd03916,CC1=C2[N+]3=C(C=C4[N+]5=C(C(C)=C6N7[C@H]([C@H](CC(=O)[O-])[C@@]6(C)CCC(=O)[O-])[C@]6(C)[N+](=C1[C@@H](CCC(=O)[O-])[C@]6(C)CC(N)=O)[Co-2]753C[C@H]1O[C@@H](n3cnc5c(N)ncnc53)[C@H](O)[C@@H]1O)[C@@H](CCC(=O)[O-])C4(C)C)[C@@H](CCC(=O)[O-])[C@]2(C)CC(N)=O
cpd00128,Nc1ncnc2[nH]cnc12
cpd00836,CC(=O)SC(CCS)CCCCC(N)=O
cpd00182,Nc1ncnc2c1ncn2[C@@H]1O[C@H](CO)[C@@H](O)[C@H]1O
cpd03918,CC1=C2[N+]3=C(C=C4[N+]5=C(C(C)=C6N7[C@H]([C@H](CC(N)=O)[C@@]6(C)CCC(=O)NC[C@@H](C)O)[C@]6(C)[N+](=C1[C@@H](CCC(N)=O)[C@]6(C)CC(N)=O)[Co-2]753C[C@H]1O[C@@H](n3cnc5c(N)ncnc53)[C@H](O)[C@@H]1O)[C@@H](CCC(N)=O)C4(C)C)[C@@H](CCC(N)=O)[C@]2(C)CC(N)=O
cpd03919,CC1=C2[N+]3=C(C=C4[N+]5=C(C(C)=C6N7[C@H]([C@H](CC(N)=O)[C@@]6(C)CCC(=O)NC[C@@H](C)OP(=O)([O-])[O-])[C@]6(C)[N+](=C1[C@@H](CCC(N)=O)[C@]6(C)CC(N)=O)[Co-2]753C[C@H]1O[C@@H](n3cnc5c(N)ncnc53)[C@H](O)[C@@H]1O)[C@@H](CCC(N)=O)C4(C)C)[C@@H](CCC(N)=O)[C@]2(C)CC(N)=O
cpd00166,CC1=C2[N+]3=C(C=C4[N+]5=C(C(C)=C6N7[C@@H]8[C@H](CC(N)=O)[C@]6(C)CCC(=O)NC[C@H](C)OP(=O)([O-])O[C@@H]6[C@@H](CO)O[C@@H]([C@@H]6O)n6c[n+](c9cc(C)c(C)cc96)[Co-3]753(C[C@H]3O[C@@H](n5cnc6c(N)ncnc65)[C@H](O)[C@@H]3O)[N+]3=C1[C@@H](CCC(N)=O)[C@](C)(CC(N)=O)[C@]83C)[C@@H](CCC(N)=O)C4(C)C)[C@@H](CCC(N)=O)[C@]2(C)CC(N)=O
cpd00166,CC1=C2[N+]3=C(C=C4[N+]5=C(C(C)=C6N7[C@@H]8[C@H](CC(N)=O)[C@]6(C)CCC(=O)NC[C@H](C)OP(=O)([O-])O[C@@H]6[C@@H](CO)O[C@@H]([C@@H]6O)n6c[n+](c9cc(C)c(C)cc96)[Co-3]753(C[C@H]3O[C@@H](n5cnc6c(N)ncnc65)[C@H](O)[C@@H]3O)[N+]3=C1[C@@H](CCC(N)=O)[C@](C)(CC(N)=O)[C@]83C)[C@@H](CCC(N)=O)C4(C)C)[C@@H](CCC(N)=O)[C@]2(C)CC(N)=O
cpd00008,Nc1ncnc2c1ncn2[C@@H]1O[C@H](COP(=O)([O-])OP(=O)([O-])O)[C@@H](O)[C@H]1O
cpd00387,Nc1ncnc2c1ncn2[C@@H]1O[C@H](COP(=O)([O-])OP(=O)([O-])O[C@H]2O[C@H](CO)[C@@H](O)[C@H](O)[C@H]2O)[C@@H](O)[C@H]1O
cpd00251,Nc1ncnc2c1ncn2[C@@H]1O[C@H](COP(=O)([O-])OP(=O)([O-])OC[C@H]2OC(O)[C@H](O)[C@@H]2O)[C@@H](O)[C@H]1O
cpd03920,CC1=C2[N+]3=C(C=C4[N+]5=C(C(C)=C6N7[C@H]([C@H](CC(N)=O)[C@@]6(C)CCC(=O)NC[C@@H](C)OP(=O)([O-])OP(=O)([O-])OC[C@H]6O[C@@H](n8cnc9c(=O)[nH]c(N)nc98)[C@H](O)[C@@H]6O)[C@]6(C)[N+](=C1[C@@H](CCC(N)=O)[C@]6(C)CC(N)=O)[Co-2]753C[C@H]1O[C@@H](n3cnc5c(N)ncnc53)[C@H](O)[C@@H]1O)[C@@H](CCC(N)=O)C4(C)C)[C@@H](CCC(N)=O)[C@]2(C)CC(N)=O
cpd00152,NC(=[NH2+])NCCCC[NH3+]
cpd00019,Nc1ncnc2c1ncn2[C@@H]1O[C@H](CSCC[C@H]([NH3+])C(=O)[O-])[C@@H](O)[C@H]1O
cpd02978,Nc1nc2c(c(=O)[nH]1)N=C([C@H](O)[C@H](O)COP(=O)([O-])OP(=O)([O-])OP(=O)([O-])[O-])CN2
cpd02851,NC(=O)c1ncn([C@@H]2O[C@H](COP(=O)([O-])[O-])[C@@H](O)[C@H]2O)c1N
cpd02140,Nc1c[nH+]cn1[C@@H]1O[C@H](COP(=O)([O-])[O-])[C@@H](O)[C@H]1O
cpd00024,O=C([O-])CCC(=O)C(=O)[O-]
cpd00117,C[C@@H]([NH3+])C(=O)[O-]
cpd00035,C[C@H]([NH3+])C(=O)[O-]
cpd00035,C[C@H]([NH3+])C(=O)[O-]
cpd00085,[NH3+]CCC(=O)[O-]
cpd00668,CC(=O)C(C)(O)C(=O)[O-]
cpd00742,NC(=O)NC(=O)[O-]
cpd01092,NC(=O)NC1NC(=O)NC1=O
cpd00017,C[S+](CC[C@H]([NH3+])C(=O)[O-])C[C@H]1O[C@@H](n2cnc3c(N)ncnc32)[C@H](O)[C@@H]1O
cpd00017,C[S+](CC[C@H]([NH3+])C(=O)[O-])C[C@H]1O[C@@H](n2cnc3c(N)ncnc32)[C@H](O)[C@@H]1O
cpd00837,C[S+](CCC[NH3+])C[C@H]1O[C@@H](n2cnc3c(N)ncnc32)[C@H](O)[C@@H]1O
cpd00018,Nc1ncnc2c1ncn2[C@@H]1O[C@H](COP(=O)([O-])[O-])[C@@H](O)[C@H]1O
cpd15396,
cpd15397,CC(=O)NC1=COC(CO)C(OC2OC(CO)C(O)C(O)C2NC(C)=O)C1OC(C)C(=O)NC(C)C(=O)NC(CCC(=O)[O-])C(=O)NC(CCCC([NH3+])C(=O)[O-])C(=O)[O-]
cpd15398,*C([NH3+])CCC[C@H](NC(=O)CC[C@@H](NC(=O)[C@H](C)NC(=O)[C@@H](C)O[C@H]1[C@H](O[C@@H]2O[C@H](CO)[C@@H](O)[C@H](O)[C@H]2NC(C)=O)C2COC(O2)[C@@H]1NC(C)=O)C(=O)[O-])C(=O)N[C@H](C)C(=O)[O-]
cpd15399,
cpd15400,CC(=O)N[C@H]1CO[C@H](CO)[C@@H](O)[C@@H]1O[C@H](C)C(=O)N[C@@H](C)C(=O)N[C@H](CCC(=O)[O-])C(=O)N[C@@H](CCCC([NH3+])C(=O)[O-])C(=O)[O-]
cpd15401,CC(=O)N[C@H]1CO[C@H](CO)[C@@H](O)[C@@H]1O[C@H](C)C(=O)N[C@@H](C)C(=O)N[C@H](CCC(=O)[O-])C(=O)N[C@@H](CCCC([NH3+])C(=O)[O-])C(=O)NC(C)C(=O)[O-]
cpd00093,Nc1ccccc1C(=O)[O-]
cpd12370,*[NH2+][C@@H](CO)C(*)=O
cpd01504,[NH3+]CCC=O
cpd03696,OC[C@H]1O[C@@H](Oc2ccc(O)cc2)[C@H](O)[C@@H](O)[C@@H]1O
cpd03697,O=P([O-])([O-])OC[C@H]1O[C@@H](Oc2ccc(O)cc2)[C@H](O)[C@@H](O)[C@@H]1O
cpd00051,NC(=[NH2+])NCCC[C@H]([NH3+])C(=O)[O-]
cpd00051,NC(=[NH2+])NCCC[C@H]([NH3+])C(=O)[O-]
cpd02152,[NH2+]=C(NCCC[C@H]([NH3+])C(=O)[O-])NC(CC(=O)[O-])C(=O)[O-]
cpd00132,NC(=O)C[C@H]([NH3+])C(=O)[O-]
cpd00132,NC(=O)C[C@H]([NH3+])C(=O)[O-]
cpd00041,[NH3+][C@@H](CC(=O)[O-])C(=O)[O-]
cpd00041,[NH3+][C@@H](CC(=O)[O-])C(=O)[O-]
cpd00346,[NH3+][C@@H](CC=O)C(=O)[O-]
cpd00002,Nc1ncnc2c1ncn2[C@@H]1O[C@H](COP(=O)([O-])OP(=O)([O-])OP(=O)([O-])O)[C@@H](O)[C@H]1O
cpd00650,C/C=C/C(=O)SCCNC(=O)CCNC(=O)C(O)C(C)(C)COP(=O)([O-])OP(=O)([O-])OC[C@H]1O[C@@H](n2cnc3c(N)ncnc32)[C@H](O)[C@@H]1OP(=O)([O-])[O-]
cpd00447,C[N+](C)(C)CC=O
cpd03517,Nc1ncnc2c1ncn2[C@@H]1O[C@H](COP(=O)([O-])OC(=O)CCCC[C@@H]2SC[C@@H]3NC(=O)N[C@H]23)[C@@H](O)[C@H]1O
cpd00120,CCCC(=O)SCCNC(=O)CCNC(=O)[C@H](O)C(C)(C)COP(=O)([O-])OP(=O)([O-])OC[C@@H]1O[C@H](n2cnc3c(N)ncnc32)C(O)C1OP(=O)([O-])[O-]
cpd00104,O=C([O-])CCCC[C@@H]1SC[C@@H]2NC(=O)N[C@H]12
cpd00104,O=C([O-])CCCC[C@@H]1SC[C@@H]2NC(=O)N[C@H]12
cpd12848,*NC(=O)[C@H](CCCCNC(=O)CCCC[C@@H]1SCC2NC(=O)NC21)NC(*)=O
cpd11465,*SC(=O)/C=C/C
cpd11464,
cpd00063,[Ca+2]
cpd00063,[Ca+2]
cpd01720,NC(=O)NCCC(=O)[O-]
cpd00343,NC(=O)N[C@@H](CC(=O)[O-])C(=O)[O-]
cpd03422,CC1=C2[N+]3=C(C=C4[N+]5=C(C(C)=C6N7[C@H]([C@H](CC(N)=O)[C@@]6(C)CCC(=O)NC[C@@H](C)O)[C@]6(C)[N+](=C1[C@@H](CCC(N)=O)[C@]6(C)CC(N)=O)[Co-3]753)[C@@H](CCC(N)=O)C4(C)C)[C@@H](CCC(N)=O)[C@]2(C)CC(N)=O
cpd00635,CC1=C2[N+]3=C(C=C4[N+]5=C(C(C)=C6N7[C@@H]8[C@H](CC(N)=O)[C@@]6(C)CCC(=O)NC[C@@H](C)OP(=O)([O-])O[C@@H]6[C@@H](CO)O[C@@H]([C@@H]6O)n6c[n+](c9cc(C)c(C)cc96)[Co-4]753[N+]3=C1[C@@H](CCC(N)=O)[C@](C)(CC(N)=O)[C@]83C)[C@@H](CCC(N)=O)C4(C)C)[C@@H](CCC(N)=O)[C@]2(C)CC(N)=O
cpd00635,CC1=C2[N+]3=C(C=C4[N+]5=C(C(C)=C6N7[C@@H]8[C@H](CC(N)=O)[C@@]6(C)CCC(=O)NC[C@@H](C)OP(=O)([O-])O[C@@H]6[C@@H](CO)O[C@@H]([C@@H]6O)n6c[n+](c9cc(C)c(C)cc96)[Co-4]753[N+]3=C1[C@@H](CCC(N)=O)[C@](C)(CC(N)=O)[C@]83C)[C@@H](CCC(N)=O)C4(C)C)[C@@H](CCC(N)=O)[C@]2(C)CC(N)=O
cpd01101,NC(=O)[O-]
cpd00146,NC(=O)OP(=O)([O-])[O-]
cpd12543,*NC(=O)[C@H](CCCCNC(=O)CCCC[C@@H]1SCC2C1NC(=O)N2C(=O)[O-])NC(*)=O
cpd01012,[Cd+2]
cpd01012,[Cd+2]
cpd00096,Nc1ccn([C@@H]2O[C@H](COP(=O)([O-])OP(=O)([O-])O)[C@@H](O)[C@H]2O)c(=O)n1
cpd15417,
cpd15418,
cpd15419,
cpd15420,
cpd15421,CCCCCCCCCCCCCCCCCC(=O)OC[C@H](COP(=O)([O-])OP(=O)([O-])OC[C@H]1O[C@@H](n2ccc(N)nc2=O)[C@H](O)[C@@H]1O)OC(=O)CCCCCCCCCCCCCCCCC
cpd15422,
cpd15423,
cpd00402,Nc1ccn([C@@H]2O[C@H](COP(=O)([O-])OP(=O)([O-])OC[C@H](O)CO)[C@@H](O)[C@H]2O)c(=O)n1
cpd00158,OC[C@H]1O[C@@H](O[C@@H]2[C@@H](CO)OC(O)[C@H](O)[C@H]2O)[C@H](O)[C@@H](O)[C@@H]1O
cpd00158,OC[C@H]1O[C@@H](O[C@@H]2[C@@H](CO)OC(O)[C@H](O)[C@H]2O)[C@H](O)[C@@H](O)[C@@H]1O
cpd02760,O=P([O-])([O-])OC[C@H]1O[C@@H](O[C@@H]2[C@@H](CO)O[C@@H](O)[C@H](O)[C@H]2O)[C@H](O)[C@@H](O)[C@@H]1O
cpd01017,[NH3+][C@@H](CS)C(=O)NCC(=O)[O-]
cpd00098,C[N+](C)(C)CCO
cpd00216,C=C(O[C@@H]1C=C(C(=O)[O-])C=C[C@H]1O)C(=O)[O-]
cpd01157,CC(=O)N[C@H]1C(O)O[C@H](CO)[C@@H](O[C@@H]2O[C@H](CO)[C@@H](O)[C@H](O)[C@H]2NC(C)=O)[C@@H]1O
cpd01157,CC(=O)N[C@H]1C(O)O[C@H](CO)[C@@H](O[C@@H]2O[C@H](CO)[C@@H](O)[C@H](O)[C@H]2NC(C)=O)[C@@H]1O
cpd00137,O=C([O-])CC(O)(CC(=O)[O-])C(=O)[O-]
cpd00274,NC(=O)NCCC[C@H]([NH3+])C(=O)[O-]
cpd00099,[Cl-]
cpd00099,[Cl-]
cpd00046,Nc1ccn([C@@H]2O[C@H](COP(=O)([O-])[O-])[C@@H](O)[C@H]2O)c(=O)n1
cpd02692,[NH3+]/C(C(=O)[O-])=C(\C=C\C=O)C(=O)[O-]
cpd00204,C#[O+]
cpd03915,CC1=C2[N+]3=C(C=C4[N+]5=C(C(C)=C6N7[C@H]([C@H](CC(=O)[O-])[C@@]6(C)CCC(=O)[O-])[C@]6(C)[N+](=C1[C@@H](CCC(=O)[O-])[C@]6(C)CC(N)=O)[Co-3]753)[C@@H](CCC(=O)[O-])C4(C)C)[C@@H](CCC(=O)[O-])[C@]2(C)CC(N)=O
cpd00011,O=C=O
cpd00011,O=C=O
cpd00010,CC(C)(COP(=O)([O-])OP(=O)([O-])OC[C@H]1O[C@@H](n2cnc3c(N)ncnc32)[C@H](O)[C@@H]1OP(=O)([O-])[O-])[C@@H](O)C(=O)NCCC(=O)NCCS
cpd00149,[Co+2]
cpd00149,[Co+2]
cpd00052,Nc1ccn([C@@H]2O[C@H](COP(=O)([O-])OP(=O)([O-])OP(=O)([O-])O)[C@@H](O)[C@H]2O)c(=O)n1
cpd00058,[Cu+2]
cpd00058,[Cu+2]
cpd00084,[NH3+][C@@H](CS)C(=O)[O-]
cpd00084,[NH3+][C@@H](CS)C(=O)[O-]
cpd00367,Nc1ccn([C@@H]2O[C@H](CO)[C@@H](O)[C@H]2O)c(=O)n1
cpd00438,Nc1ncnc2c1ncn2[C@H]1C[C@H](O)[C@@H](CO)O1
cpd03091,C[C@H]1O[C@@H](n2cnc3c(N)ncnc32)[C@H](O)[C@@H]1O
cpd00177,Nc1ncnc2c1ncn2[C@H]1C[C@H](O)[C@@H](COP(=O)([O-])OP(=O)([O-])O)O1
cpd00294,Nc1ncnc2c1ncn2[C@H]1C[C@H](O)[C@@H](COP(=O)([O-])[O-])O1
cpd00115,Nc1ncnc2c1ncn2[C@H]1C[C@H](O)[C@@H](COP(=O)([O-])OP(=O)([O-])OP(=O)([O-])O)O1
cpd11225,CC(=O)[C@H](O)COP(=O)([O-])[O-]
cpd03129,CCCCCCC/C=C/C(=O)SCCNC(=O)CCNC(=O)[C@H](O)C(C)(C)COP(=O)([O-])OP(=O)([O-])OC[C@H]1O[C@@H](n2cnc3c(N)ncnc32)[C@H](O)[C@@H]1OP(=O)([O-])[O-]
cpd01107,CCCCCCCCCC(=O)[O-]
cpd11474,
cpd03128,CCCCCCCCCC(=O)SCCNC(=O)CCNC(=O)[C@H](O)C(C)(C)COP(=O)([O-])OP(=O)([O-])OC[C@H]1O[C@@H](n2cnc3c(N)ncnc32)[C@H](O)[C@@H]1OP(=O)([O-])[O-]
cpd02375,O=C([O-])CC(Nc1ncnc2c1ncn2[C@@H]1O[C@H](COP(=O)([O-])[O-])[C@@H](O)[C@H]1O)C(=O)[O-]
cpd00533,Nc1ccn([C@H]2C[C@H](O)[C@@H](COP(=O)([O-])OP(=O)([O-])O)O2)c(=O)n1
cpd00206,Nc1ccn([C@H]2C[C@H](O)[C@@H](COP(=O)([O-])[O-])O2)c(=O)n1
cpd00356,Nc1ccn([C@H]2C[C@H](O)[C@@H](COP(=O)([O-])OP(=O)([O-])OP(=O)([O-])O)O2)c(=O)n1
cpd00654,Nc1ccn([C@H]2C[C@H](O)[C@@H](CO)O2)c(=O)n1
cpd01741,CCCCCCCCCCCC(=O)[O-]
cpd11468,
cpd01260,CCCCCCCCCCCC(=O)SCCNC(=O)CCNC(=O)[C@H](O)C(C)(C)COP(=O)([O-])OP(=O)([O-])OC[C@H]1O[C@@H](n2cnc3c(N)ncnc32)[C@H](O)[C@@H]1OP(=O)([O-])[O-]
cpd11594,
cpd00295,Nc1nc2c(ncn2[C@H]2C[C@H](O)[C@@H](COP(=O)([O-])OP(=O)([O-])O)O2)c(=O)[nH]1
cpd00296,Nc1nc2c(ncn2[C@H]2C[C@H](O)[C@@H](COP(=O)([O-])[O-])O2)c(=O)[nH]1
cpd00277,Nc1nc2c(ncn2[C@H]2C[C@H](O)[C@@H](CO)O2)c(=O)[nH]1
cpd00241,Nc1nc2c(ncn2[C@H]2C[C@H](O)[C@@H](COP(=O)([O-])OP(=O)([O-])OP(=O)([O-])O)O2)c(=O)[nH]1
cpd00157,O=C(CO)CO
cpd00095,O=C(CO)COP(=O)([O-])[O-]
cpd00330,Nc1nc2c(c(=O)[nH]1)N=C(CNc1ccc(C(=O)N[C@@H](CCC(=O)[O-])C(=O)[O-])cc1)CN2
cpd14545,[NH2+]=CC(=O)[O-]
cpd00449,NC(=O)CCCC[C@@H](S)CCS
cpd02295,O=C([O-])c1cc(O)c2ccccc2c1O
cpd02961,Nc1nc2c(c(=O)[nH]1)N=C([C@H](O)[C@H](O)CO)CN2
cpd00282,O=C1C[C@@H](C(=O)[O-])NC(=O)N1
cpd00683,Nc1nc2c(c(=O)[nH]1)N=C(CNc1ccc(C(=O)[O-])cc1)CN2
cpd08636,CC(=O)C(=O)[C@@H](O)CO
cpd03704,O=c1[nH]cnc2c1ncn2[C@H]1C[C@H](O)[C@@H](COP(=O)([O-])[O-])O1
cpd03279,O=c1[nH]cnc2c1ncn2[C@H]1C[C@H](O)[C@@H](CO)O1
cpd00977,O=c1[nH]cnc2c1ncn2[C@H]1C[C@H](O)[C@@H](COP(=O)([O-])OP(=O)([O-])OP(=O)([O-])O)O1
cpd00425,C[NH2+]C
cpd01997,Cc1cc2nc[nH]c2cc1C
cpd02656,Cc1nc2c(=O)[n-]c(=O)nc-2n(C[C@H](O)[C@H](O)[C@H](O)CO)c1C
cpd00202,CC(C)=CCOP(=O)([O-])OP(=O)([O-])O
cpd00638,Nc1ncnc2c1ncn2[C@@H]1O[C@H](COP(=O)([O-])OP(=O)([O-])OC[C@H]2O[C@@H]([n+]3cccc(C(=O)[O-])c3)[C@H](O)[C@@H]2O)[C@@H](O)[C@H]1O
cpd00655,CC(C)(COP(=O)([O-])OP(=O)([O-])OC[C@H]1O[C@@H](n2cnc3c(N)ncnc32)[C@H](O)[C@@H]1O)[C@@H](O)C(=O)NCCC(=O)NCCS
cpd01311,CC1NC(=O)NC1CCCCCC(=O)[O-]
cpd00297,Cc1cn([C@H]2C[C@H](O)[C@@H](COP(=O)([O-])OP(=O)([O-])O)O2)c(=O)[nH]c1=O
cpd02661,Cc1cn([C@H]2C[C@H](O)[C@@H](COP(=O)([O-])OP(=O)([O-])O[C@H]3O[C@H](C)[C@H]([NH3+])[C@H](O)[C@H]3O)O2)c(=O)[nH]c1=O
cpd00521,Cc1cn([C@H]2C[C@H](O)[C@@H](COP(=O)([O-])OP(=O)([O-])O[C@H]3O[C@H](C)C(=O)[C@H](O)[C@H]3O)O2)c(=O)[nH]c1=O
cpd00522,Cc1cn([C@H]2C[C@H](O)[C@@H](COP(=O)([O-])OP(=O)([O-])O[C@H]3O[C@@H](C)C(=O)[C@@H](O)[C@H]3O)O2)c(=O)[nH]c1=O
cpd00626,Cc1cn([C@H]2C[C@H](O)[C@@H](COP(=O)([O-])OP(=O)([O-])O[C@H]3O[C@H](CO)[C@@H](O)[C@H](O)[C@H]3O)O2)c(=O)[nH]c1=O
cpd02113,Cc1cn([C@H]2C[C@H](O)[C@@H](COP(=O)([O-])OP(=O)([O-])O[C@H]3O[C@@H](C)[C@H](O)[C@@H](O)[C@H]3O)O2)c(=O)[nH]c1=O
cpd00298,Cc1cn([C@H]2C[C@H](O)[C@@H](COP(=O)([O-])[O-])O2)c(=O)[nH]c1=O
cpd00357,Cc1cn([C@H]2C[C@H](O)[C@@H](COP(=O)([O-])OP(=O)([O-])OP(=O)([O-])O)O2)c(=O)[nH]c1=O
cpd00357,Cc1cn([C@H]2C[C@H](O)[C@@H](COP(=O)([O-])OP(=O)([O-])OP(=O)([O-])O)O2)c(=O)[nH]c1=O
cpd00978,O=c1ccn([C@H]2C[C@H](O)[C@@H](COP(=O)([O-])OP(=O)([O-])O)O2)c(=O)[nH]1
cpd00299,O=c1ccn([C@H]2C[C@H](O)[C@@H](COP(=O)([O-])[O-])O2)c(=O)[nH]1
cpd00412,O=c1ccn([C@H]2C[C@H](O)[C@@H](CO)O2)c(=O)[nH]1
cpd00358,O=c1ccn([C@H]2C[C@H](O)[C@@H](COP(=O)([O-])OP(=O)([O-])OP(=O)([O-])O)O2)c(=O)[nH]1
cpd08289,CC(=O)[C@@H](O)[C@H](O)COP(=O)([O-])[O-]
cpd00236,O=C[C@H](O)[C@H](O)COP(=O)([O-])[O-]
cpd02843,O=P([O-])([O-])OC[C@@H](O)[C@@H](O)c1c[nH]cn1
cpd03453,O=C(N[C@H]1COC(=O)[C@@H](NC(=O)c2cccc(O)c2O)COC(=O)[C@@H](NC(=O)c2cccc(O)c2O)COC1=O)c1cccc(O)c1O
cpd00162,[NH3+]CCO
cpd00363,CCO
cpd00802,O=P([O-])([O-])OCC1(O)O[C@H](CO)[C@@H](O)[C@@H]1O
cpd00015,Cc1cc2nc3c(=O)[n-]c(=O)nc-3n(C[C@H](O)[C@H](O)[C@H](O)COP(=O)([O-])OP(=O)([O-])OC[C@H]3O[C@@H](n4cnc5c(N)ncnc54)[C@H](O)[C@@H]3O)c2cc1C
cpd00982,Cc1cc2c(cc1C)N(C[C@H](O)[C@H](O)[C@H](O)COP(=O)([O-])OP(=O)([O-])OC[C@H]1O[C@@H](n3cnc4c(N)ncnc43)[C@H](O)[C@@H]1O)c1[nH]c(=O)[nH]c(=O)c1N2
cpd00055,C=O
cpd00290,O=P([O-])([O-])OC[C@H]1OC(O)(COP(=O)([O-])[O-])[C@@H](O)[C@@H]1O
cpd11621,
cpd11620,
cpd10515,[Fe+2]
cpd10515,[Fe+2]
cpd10516,[Fe+3]
cpd10516,[Fe+3]
cpd03726,O=C(N[C@H]1COC(=O)[C@@H](NC(=O)c2cccc(O)c2O)COC(=O)[C@@H](NC(=O)c2cccc(O)c2O)COC1=O)c1cccc(O)c1O.[Fe+3]
cpd02678,O=CNCC(=O)N[C@@H]1O[C@H](COP(=O)([O-])[O-])[C@@H](O)[C@H]1O
cpd00050,Cc1cc2nc3c(=O)[n-]c(=O)nc-3n(C[C@H](O)[C@H](O)[C@H](O)COP(=O)([O-])[O-])c2cc1C
cpd00393,Nc1nc2ncc(CNc3ccc(C(=O)N[C@@H](CCC(=O)[O-])C(=O)[O-])cc3)nc2c(=O)[nH]1
cpd00393,Nc1nc2ncc(CNc3ccc(C(=O)N[C@@H](CCC(=O)[O-])C(=O)[O-])cc3)nc2c(=O)[nH]1
cpd00047,O=C[O-]
cpd02826,[NH2+]=C(CNC=O)N[C@@H]1O[C@H](COP(=O)([O-])[O-])[C@@H](O)[C@H]1O
cpd02884,NC(=O)c1ncn([C@@H]2O[C@H](COP(=O)([O-])[O-])[C@@H](O)[C@H]2O)c1NC=O
cpd00350,CC(C)=CCC/C(C)=C/CC/C(C)=C/COP(=O)([O-])OP(=O)([O-])O
cpd00082,OC[C@H]1OC(O)(CO)[C@@H](O)[C@@H]1O
cpd00082,OC[C@H]1OC(O)(CO)[C@@H](O)[C@@H]1O
cpd00106,O=C([O-])/C=C/C(=O)[O-]
cpd00089,O=P([O-])([O-])O[C@H]1O[C@H](CO)[C@@H](O)[C@H](O)[C@H]1O
cpd00501,O=P([O-])([O-])O[C@@H]1O[C@H](CO)[C@@H](O)[C@H](O)[C@H]1O
cpd00102,O=C[C@H](O)COP(=O)([O-])[O-]
cpd00507,C[N+](C)(C)CCOP(=O)([O-])OC[C@H](O)CO
cpd00908,[NH3+]CCOP(=O)([O-])OC[C@H](O)CO
cpd02090,O=P([O-])(OCC(O)CO)OCC(O)CO
cpd15468,[NH3+][C@@H](COP(=O)([O-])OC[C@H](O)CO)C(=O)[O-]
cpd00079,O=P([O-])([O-])OC[C@H]1OC(O)[C@H](O)[C@@H](O)[C@@H]1O
cpd00863,O=P([O-])([O-])OC[C@H]1O[C@@H](O)[C@H](O)[C@@H](O)[C@@H]1O
cpd00108,OC[C@H]1OC(O)[C@H](O)[C@@H](O)[C@H]1O
cpd00348,O=P([O-])([O-])O[C@H]1O[C@H](CO)[C@H](O)[C@H](O)[C@H]1O
cpd01171,OC[C@H](O)[C@@H](O)[C@@H](O)[C@H](O)CO
cpd01171,OC[C@H](O)[C@@H](O)[C@@H](O)[C@H](O)CO
cpd03752,O=P([O-])([O-])OC[C@H](O)[C@@H](O)[C@@H](O)[C@H](O)CO
cpd00276,[NH3+][C@H]1C(O)O[C@H](CO)[C@@H](O)[C@@H]1O
cpd03671,[NH3+][C@H]1[C@@H](OP(=O)([O-])[O-])O[C@H](CO)[C@@H](O)[C@@H]1O
cpd00288,[NH3+][C@H]1C(O)O[C@H](COP(=O)([O-])[O-])[C@@H](O)[C@@H]1O
cpd02394,[NH3+]CC(=O)N[C@@H]1O[C@H](COP(=O)([O-])[O-])[C@@H](O)[C@H]1O
cpd00229,O=CCO
cpd00031,Nc1nc2c(ncn2[C@@H]2O[C@H](COP(=O)([O-])OP(=O)([O-])O)[C@@H](O)[C@H]2O)c(=O)[nH]1
cpd00900,C[C@H]1O[C@H](OP(=O)([O-])OP(=O)([O-])OC[C@H]2OC(n3cnc4c(=O)[nH]c(N)nc43)[C@H](O)[C@@H]2O)[C@@H](O)[C@@H](O)C1=O
cpd00272,C[C@@H]1O[C@@H](OP(=O)([O-])OP(=O)([O-])OC[C@H]2OC(n3cnc4c(=O)[nH]c(N)nc43)[C@H](O)[C@@H]2O)[C@@H](O)[C@H](O)[C@@H]1O
cpd00083,Nc1nc2c(ncn2C2O[C@H](COP(=O)([O-])OP(=O)([O-])O[C@H]3O[C@H](CO)[C@@H](O)[C@H](O)[C@@H]3O)[C@@H](O)[C@H]2O)c(=O)[nH]1
cpd02740,Nc1nc2c(ncn2[C@@H]2O[C@H](COP(=O)([O-])OP(=O)([O-])OP(=O)([O-])[O-])[C@@H](OP(=O)([O-])OP(=O)([O-])O)[C@H]2O)c(=O)[nH]1
cpd00027,OC[C@H]1OC(O)[C@H](O)[C@@H](O)[C@@H]1O
cpd00027,OC[C@H]1OC(O)[C@H](O)[C@@H](O)[C@@H]1O
cpd00053,NC(=O)CC[C@H]([NH3+])C(=O)[O-]
cpd00053,NC(=O)CC[C@H]([NH3+])C(=O)[O-]
cpd00186,[NH3+][C@H](CCC(=O)[O-])C(=O)[O-]
cpd00023,[NH3+][C@@H](CCC(=O)[O-])C(=O)[O-]
cpd00023,[NH3+][C@@H](CCC(=O)[O-])C(=O)[O-]
cpd02345,[NH3+][C@H](C=O)CCC(=O)[O-]
cpd02097,[NH3+][C@@H](CCC(=O)OP(=O)([O-])[O-])C(=O)[O-]
cpd00858,[NH3+][C@@H](CCC=O)C(=O)[O-]
cpd00413,CC(C)(COP(=O)([O-])OP(=O)([O-])OC[C@H]1O[C@@H](n2cnc3c(N)ncnc32)[C@H](O)[C@@H]1OP(=O)([O-])[O-])[C@@H](O)C(=O)NCCC(=O)NCCSC(=O)CCCC(=O)[O-]
cpd12227,
cpd00040,O=CC(=O)[O-]
cpd00033,[NH3+]CC(=O)[O-]
cpd00033,[NH3+]CC(=O)[O-]
cpd00448,O=C[C@H](O)CO
cpd00100,OCC(O)CO
cpd00223,O=C([O-])[C@H](O)CO
cpd00080,O=P([O-])([O-])OC[C@H](O)CO
cpd00080,O=P([O-])([O-])OC[C@H](O)CO
cpd00139,O=C([O-])CO
cpd00155,OC[C@H]1O[C@H](OC[C@H]2O[C@H](O[C@@H]3[C@@H](CO)O[C@H](O)[C@H](O)[C@H]3O)[C@H](O)[C@@H](O)[C@@H]2O[C@H]2O[C@H](CO)[C@@H](O)[C@H](O)[C@H]2O)[C@H](O)[C@@H](O)[C@@H]1O
cpd00126,Nc1nc2c(ncn2[C@@H]2O[C@H](COP(=O)([O-])[O-])[C@@H](O)[C@H]2O)c(=O)[nH]1
cpd00283,CC(C)=CCC/C(C)=C/COP(=O)([O-])OP(=O)([O-])O
cpd00311,Nc1nc2c(ncn2[C@@H]2O[C@H](CO)[C@@H](O)[C@H]2O)c(=O)[nH]1
cpd00111,[NH3+][C@@H](CCC(=O)N[C@@H](CSSC[C@H](NC(=O)CC[C@H]([NH3+])C(=O)[O-])C(=O)NCC(=O)[O-])C(=O)NCC(=O)[O-])C(=O)[O-]
cpd00042,[NH3+][C@@H](CCC(=O)N[C@@H](CS)C(=O)NCC(=O)[O-])C(=O)[O-]
cpd00038,Nc1nc2c(ncn2[C@@H]2O[C@H](COP(=O)([O-])OP(=O)([O-])OP(=O)([O-])O)[C@@H](O)[C@H]2O)c(=O)[nH]1
cpd00207,Nc1nc2[nH]cnc2c(=O)[nH]1
cpd00067,[H+]
cpd00067,[H+]
cpd11640,[H][H]
cpd08615,C/C(=C\COP(=O)([O-])OP(=O)([O-])O)CO
cpd00025,OO
cpd00239,[SH-]
cpd00165,NO
cpd00919,O=C([O-])CC[C@@](O)(CC(=O)[O-])C(=O)[O-]
cpd00135,[NH3+][C@@H](CCS)C(=O)[O-]
cpd00214,CCCCCCCCCCCCCCCC(=O)[O-]
cpd15237,
cpd03126,CCCCCCCCCCCCC/C=C/C(=O)SCCNC(=O)CCNC(=O)[C@H](O)C(C)(C)COP(=O)([O-])OP(=O)([O-])OC[C@H]1O[C@@H](n2cnc3c(N)ncnc32)[C@H](O)[C@@H]1OP(=O)([O-])[O-]
cpd15239,
cpd02590,CC(C)=CCC/C(C)=C/CC/C(C)=C/CC/C(C)=C/CC/C(C)=C/CC/C(C)=C/CC/C(C)=C/COP(=O)([O-])OP(=O)([O-])O
cpd11472,
cpd00531,[Hg+2]
cpd00531,[Hg+2]
cpd00119,[NH3+][C@@H](Cc1c[nH]cn1)C(=O)[O-]
cpd00119,[NH3+][C@@H](Cc1c[nH]cn1)C(=O)[O-]
cpd00807,[NH3+][C@H](COP(=O)([O-])[O-])Cc1c[nH]cn1
cpd00641,[NH3+][C@H](CO)Cc1c[nH]cn1
cpd00755,O=C([O-])CCc1c[nH]c(Cc2[nH]c(Cc3[nH]c(Cc4[nH]c(CO)c(CC(=O)[O-])c4CCC(=O)[O-])c(CC(=O)[O-])c3CCC(=O)[O-])c(CC(=O)[O-])c2CCC(=O)[O-])c1CC(=O)[O-]
cpd09879,[NH3+][C@@H](CCC(=O)N[C@@H](CSCO)C(=O)NCC(=O)[O-])C(=O)[O-]
cpd00227,[NH3+][C@@H](CCO)C(=O)[O-]
cpd00415,Oc1ccc(O)cc1
cpd03125,CCC/C=C/C(=O)SCCNC(=O)CCNC(=O)[C@H](O)C(C)(C)COP(=O)([O-])OP(=O)([O-])OC[C@H]1O[C@@H](n2cnc3c(N)ncnc32)[C@H](O)[C@@H]1OP(=O)([O-])[O-]
cpd00226,O=c1[nH]cnc2[nH]cnc12
cpd03124,CCCCCC(=O)SCCNC(=O)CCNC(=O)[C@H](O)C(C)(C)COP(=O)([O-])OP(=O)([O-])OC[C@H]1O[C@@H](n2cnc3c(N)ncnc32)[C@H](O)[C@@H]1OP(=O)([O-])[O-]
cpd03470,[NH2+]=C(CC(=O)[O-])C(=O)[O-]
cpd00658,C=C(O[C@H]1C=CC=C(C(=O)[O-])[C@@H]1O)C(=O)[O-]
cpd00260,O=C([O-])CC(C(=O)[O-])C(O)C(=O)[O-]
cpd00090,O=c1[nH]cnc2c1ncn2[C@@H]1O[C@H](COP(=O)([O-])OP(=O)([O-])O)[C@@H](O)[C@H]1O
cpd00322,CC[C@H](C)[C@H]([NH3+])C(=O)[O-]
cpd00322,CC[C@H](C)[C@H]([NH3+])C(=O)[O-]
cpd01831,O=C([O-])Cc1c[nH]cn1
cpd03052,O=CCc1c[nH]cn1
cpd00930,O=C(COP(=O)([O-])[O-])Cc1c[nH]cn1
cpd00114,O=c1[nH]cnc2c1ncn2[C@@H]1O[C@H](COP(=O)([O-])[O-])[C@@H](O)[C@H]1O
cpd00359,c1ccc2[nH]ccc2c1
cpd00121,O[C@H]1[C@H](O)[C@@H](O)[C@H](O)[C@@H](O)[C@H]1O
cpd00246,O=c1[nH]cnc2c1ncn2[C@@H]1O[C@H](CO)[C@@H](O)[C@H]1O
cpd00113,C=C(C)CCOP(=O)([O-])OP(=O)([O-])O
cpd00217,OC[C@H]1O[C@H](OC[C@H]2OC(O)[C@H](O)[C@@H](O)[C@@H]2O)[C@H](O)[C@@H](O)[C@@H]1O
cpd00068,O=c1[nH]cnc2c1ncn2[C@@H]1O[C@H](COP(=O)([O-])OP(=O)([O-])OP(=O)([O-])O)[C@@H](O)[C@H]1O
cpd00205,[K+]
cpd00205,[K+]
cpd11585,C[C@H]([NH3+])C(=O)NCC(=O)[O-]
cpd00159,C[C@H](O)C(=O)[O-]
cpd00159,C[C@H](O)C(=O)[O-]
cpd15386,
cpd15387,CC([NH3+])C(=O)NC(CCCC(NC(=O)CCC(NC(=O)C(C)[NH3+])C(=O)[O-])C(=O)[O-])C(=O)[O-]
cpd00208,OC[C@H]1OC(O)[C@H](O)[C@@H](O)[C@@H]1O[C@@H]1O[C@H](CO)[C@H](O)[C@H](O)[C@H]1O
cpd00107,CC(C)C[C@H]([NH3+])C(=O)[O-]
cpd00107,CC(C)C[C@H]([NH3+])C(=O)[O-]
cpd02182,C[C@@H](O)C(=O)SC[C@H](NC(=O)CC[C@H]([NH3+])C(=O)[O-])C(=O)NCC(=O)[O-]
cpd00039,[NH3+]CCCC[C@H]([NH3+])C(=O)[O-]
cpd00039,[NH3+]CCCC[C@H]([NH3+])C(=O)[O-]
cpd00130,O=C([O-])C[C@H](O)C(=O)[O-]
cpd11492,
cpd00070,CC(C)(COP(=O)([O-])OP(=O)([O-])OC[C@H]1O[C@@H](n2cnc3c(N)ncnc32)[C@H](O)[C@@H]1OP(=O)([O-])[O-])[C@@H](O)C(=O)NCCC(=O)NCCSC(=O)CC(=O)[O-]
cpd00179,OC[C@H]1O[C@H](O[C@@H]2[C@@H](CO)OC(O)[C@H](O)[C@H]2O)[C@H](O)[C@@H](O)[C@@H]1O
cpd00179,OC[C@H]1O[C@H](O[C@@H]2[C@@H](CO)OC(O)[C@H](O)[C@H]2O)[C@H](O)[C@@H](O)[C@@H]1O
cpd01919,O=P([O-])([O-])OC[C@H]1O[C@H](O[C@@H]2[C@@H](CO)O[C@H](O)[C@H](O)[C@H]2O)[C@H](O)[C@@H](O)[C@@H]1O
cpd15494,
cpd01329,OC[C@H]1O[C@H](O[C@@H]2[C@@H](CO)O[C@H](O[C@@H]3[C@@H](CO)O[C@H](O[C@@H]4[C@@H](CO)O[C@H](O[C@@H]5[C@@H](CO)O[C@H](O[C@@H]6[C@@H](CO)OC(O)[C@H](O)[C@H]6O)[C@H](O)[C@H]5O)[C@H](O)[C@H]4O)[C@H](O)[C@H]3O)[C@H](O)[C@H]2O)[C@H](O)[C@@H](O)[C@@H]1O
cpd01329,OC[C@H]1O[C@H](O[C@@H]2[C@@H](CO)O[C@H](O[C@@H]3[C@@H](CO)O[C@H](O[C@@H]4[C@@H](CO)O[C@H](O[C@@H]5[C@@H](CO)O[C@H](O[C@@H]6[C@@H](CO)OC(O)[C@H](O)[C@H]6O)[C@H](O)[C@H]5O)[C@H](O)[C@H]4O)[C@H](O)[C@H]3O)[C@H](O)[C@H]2O)[C@H](O)[C@@H](O)[C@@H]1O
cpd15495,OC[C@H]1O[C@H](O[C@@H]2[C@@H](CO)O[C@H](O[C@@H]3[C@@H](CO)O[C@H](O[C@@H]4[C@@H](CO)O[C@H](O[C@@H]5[C@@H](CO)OC(O)[C@H](O)[C@H]5O)[C@H](O)[C@H]4O)[C@H](O)[C@H]3O)[C@H](O)[C@H]2O)[C@H](O)[C@@H](O)[C@@H]1O
cpd01262,OC[C@H]1O[C@H](O[C@@H]2[C@@H](CO)O[C@H](O[C@@H]3[C@@H](CO)OC(O)[C@H](O)[C@H]3O)[C@H](O)[C@H]2O)[C@H](O)[C@@H](O)[C@@H]1O
cpd01262,OC[C@H]1O[C@H](O[C@@H]2[C@@H](CO)O[C@H](O[C@@H]3[C@@H](CO)OC(O)[C@H](O)[C@H]3O)[C@H](O)[C@H]2O)[C@H](O)[C@@H](O)[C@@H]1O
cpd01399,OC[C@H]1O[C@H](O[C@@H]2[C@@H](CO)O[C@H](O[C@@H]3[C@@H](CO)O[C@H](O[C@@H]4[C@@H](CO)OC(O)[C@H](O)[C@H]4O)[C@H](O)[C@H]3O)[C@H](O)[C@H]2O)[C@H](O)[C@@H](O)[C@@H]1O
cpd00138,OC[C@H]1OC(O)[C@@H](O)[C@@H](O)[C@@H]1O
cpd00138,OC[C@H]1OC(O)[C@@H](O)[C@@H](O)[C@@H]1O
cpd00485,O=P([O-])([O-])O[C@H]1O[C@H](CO)[C@@H](O)[C@H](O)[C@@H]1O
cpd00235,O=P([O-])([O-])OC[C@H]1OC(O)[C@@H](O)[C@@H](O)[C@@H]1O
cpd00116,CO
cpd00116,CO
cpd00706,O=C([O-])C(=O)CS
cpd00637,CSCC[C@@H]([NH3+])C(=O)[O-]
cpd00637,CSCC[C@@H]([NH3+])C(=O)[O-]
cpd00060,CSCC[C@H]([NH3+])C(=O)[O-]
cpd00060,CSCC[C@H]([NH3+])C(=O)[O-]
cpd00347,Nc1nc2c(c(=O)[nH]1)[N+]1=CN(c3ccc(C(=O)N[C@@H](CCC(=O)[O-])C(=O)[O-])cc3)C[C@H]1CN2
cpd11576,
cpd11576,
cpd01914,CS(=O)CC[C@H]([NH3+])C(=O)[O-]
cpd01914,CS(=O)CC[C@H]([NH3+])C(=O)[O-]
cpd00254,[Mg+2]
cpd00254,[Mg+2]
cpd00125,Nc1nc2c(c(=O)[nH]1)N1CN(c3ccc(C(=O)N[C@@H](CCC(=O)[O-])C(=O)[O-])cc3)C[C@H]1CN2
cpd00030,[Mn+2]
cpd00030,[Mn+2]
cpd00314,OC[C@@H](O)[C@@H](O)[C@H](O)[C@H](O)CO
cpd03200,OC[C@H]1O[C@H](OC[C@H]2O[C@H](OC[C@H]3O[C@@H](O)[C@H](O)[C@@H](O)[C@@H]3O)[C@H](O)[C@@H](O)[C@H]2O)[C@H](O)[C@@H](O)[C@H]1O
cpd11574,O=[Mo](=O)([O-])[O-]
cpd11574,O=[Mo](=O)([O-])[O-]
cpd15499,CC(C)=CCC/C(C)=C/CC/C(C)=C/CC/C(C)=C/CC/C(C)=C/CC/C(C)=C/CC/C(C)=C/CC/C(C)=C/Cc1c(C)c(O)c2ccccc2c1O
cpd15500,CC(C)=CCC/C(C)=C/CC/C(C)=C/CC/C(C)=C/CC/C(C)=C/CC/C(C)=C/CC/C(C)=C/CC/C(C)=C/CC1=C(C)C(=O)c2ccccc2C1=O
cpd00428,CC(=O)C=O
cpd15505,*OC1O[C@H](CO)[C@@H](O[C@@H]2O[C@H](CO)[C@@H](O[C@@H]3O[C@H](CO)[C@@H](O[C@@H]4O[C@H](CO)[C@@H](O*)[C@H](O)[C@H]4NC(C)=O)[C@H](O[C@H](C)C(=O)N[C@@H](C)C(=O)N[C@H](CCC(=O)N[C@@H](CCC[C@@H]([NH3+])C(=O)[O-])C(=O)N[C@H](C)C(=O)[O-])C(=O)[O-])[C@H]3NC(C)=O)[C@H](O)[C@H]2NC(C)=O)[C@H](O[C@H](C)C(=O)N[C@@H](C)C(=O)N[C@H](CCC(=O)N[C@@H](CCC[C@@H]([NH3+])C(=O)[O-])C(=O)N[C@H](C)C(=O)[O-])C(=O)[O-])[C@H]1NC(C)=O
cpd15506,
cpd15507,CC(=O)NC1=COC(CO)C2OC3OC(CO)C(OC4OC(CO)C(OC5OC(CO)C(OC6OC(CO)C(OC7OC(CO)C(O)C(O)C7NC(C)=O)C(OC(C)C(=O)NC(C)C(=O)NC(CCC(=O)[O-])C(=O)NC(CCCC([NH3+])C(=O)[O-])C(=O)NC(C)C(=O)[O-])C6NC(C)=O)C(O)C5NC(C)=O)C(OC(C)C(=O)NC(C)C(=O)NC(CCC(=O)[O-])C(=O)NC(CCCC([NH3+])C(=O)[O-])C(=O)NC(C)C(=O)NC(C(=O)[O-])CCCC(C(=O)NC(C)C(=O)[O-])NC(=O)C(CCC(=O)[O-])NC(=O)C(C)NC(=O)C(C)OC12)C4NC(C)=O)C(O)C3NC(C)=O
cpd15508,
cpd15510,*O[C@@H]1[C@@H](CO)O[C@@H](O[C@@H]2[C@@H](CO)O[C@H](O[C@@H]3[C@@H](CO)O[C@@H](O[C@@H]4[C@@H](CO)O[C@H](O*)[C@H](NC(C)=O)[C@H]4O[C@H](C)C(=O)N[C@@H](C)C(=O)N[C@H](CCC(=O)N[C@@H](CCC[C@@H]([NH3+])C(=O)[O-])C(=O)N[C@H](C)C(=O)N[C@H](C)C(=O)[O-])C(=O)[O-])[C@H](NC(C)=O)[C@H]3O)[C@H](NC(C)=O)[C@H]2O[C@H](C)C(=O)N[C@@H](C)C(=O)N[C@H](CCC(=O)N[C@@H](CCC[C@@H]([NH3+])C(=O)[O-])C(=O)N[C@H](C)C(=O)[O-])C(=O)[O-])[C@H](NC(C)=O)[C@H]1O
cpd15514,CC(=O)NC1=COC(CO)C2OC3OC(CO)C(OC4OC(CO)C(OC5OC(CO)C(O)C(O)C5NC(C)=O)C(OC(C)C(=O)NC(C)C(=O)NC(CCC(=O)[O-])C(=O)NC(CCCC([NH3+])C(=O)[O-])C(=O)NC(C)C(=O)NC(C(=O)[O-])CCCC(C(=O)NC(C)C(=O)NC(C)C(=O)[O-])NC(=O)C(CCC(=O)[O-])NC(=O)C(C)NC(=O)C(C)OC12)C4NC(C)=O)C(O)C3NC(C)=O
cpd11466,*SC(=O)CCCCCCCCCCCCC
cpd00528,N#N
cpd02685,CC(=O)N[C@@H](CCC[C@H]([NH3+])C(=O)[O-])C(=O)[O-]
cpd00971,[Na+]
cpd00971,[Na+]
cpd00218,O=C([O-])c1cccnc1
cpd00218,O=C([O-])c1cccnc1
cpd00003,NC(=O)c1ccc[n+]([C@@H]2O[C@H](COP(=O)([O-])OP(=O)([O-])OC[C@H]3O[C@@H](n4cnc5c(N)ncnc54)[C@H](O)[C@@H]3O)[C@@H](O)[C@H]2O)c1
cpd00004,NC(=O)C1=CN([C@@H]2O[C@H](COP(=O)([O-])OP(=O)([O-])OC[C@H]3O[C@@H](n4cnc5c(N)ncnc54)[C@H](O)[C@@H]3O)[C@@H](O)[C@H]2O)C=CC1
cpd00006,NC(=O)c1ccc[n+]([C@@H]2O[C@H](COP(=O)([O-])OP(=O)([O-])OC[C@H]3O[C@@H](n4cnc5c(N)ncnc54)[C@H](OP(=O)([O-])[O-])[C@@H]3O)[C@@H](O)[C@H]2O)c1
cpd00005,NC(=O)C1=CN([C@@H]2O[C@H](COP(=O)([O-])OP(=O)([O-])OC[C@H]3O[C@@H](n4cnc5c(N)ncnc54)[C@H](OP(=O)([O-])[O-])[C@@H]3O)[C@@H](O)[C@H]2O)C=CC1
cpd00133,NC(=O)c1cccnc1
cpd03471,O=C([O-])c1ccc[n+]([C@@H]2O[C@H](CO)[C@@H](O)[C@H]2O)c1
cpd00873,O=C([O-])c1ccc[n+]([C@@H]2O[C@H](COP(=O)([O-])[O-])[C@@H](O)[C@H]2O)c1
cpd00355,NC(=O)c1ccc[n+]([C@@H]2O[C@H](COP(=O)([O-])[O-])[C@@H](O)[C@H]2O)c1
cpd00075,O=NO
cpd15516,CC(=O)N[C@H]1[C@@H](O[C@@H]2[C@@H](O)[C@H]([C@H](O)CO)O[C@H]2OC[C@H]2O[C@H](O[C@@H]3[C@@H](O)[C@H](C)O[C@@H](O[C@H]4[C@H](O)[C@@H](CO[C@H]5O[C@H](CO)[C@@H](O)[C@H](O)[C@H]5O)O[C@H](OP(=O)([O-])OP(=O)([O-])OC/C=C(\C)CC/C=C(/C)CC/C=C(/C)CC/C=C(/C)CC/C=C(/C)CC/C=C(/C)CC/C=C(/C)CC/C=C(/C)CC/C=C(\C)CC/C=C(\C)CCC=C(C)C)[C@@H]4NC(C)=O)[C@@H]3OC(C)=O)[C@H](O)[C@@H](O)[C@@H]2O)O[C@H](CO[C@H]2O[C@H](CO)[C@@H](O)[C@H](O)[C@H]2O)[C@@H](O)[C@@H]1O[C@@H]1O[C@@H](C)[C@H](O)[C@@H](O[C@H]2O[C@H](CO[C@@H]3O[C@@H]([C@H](O)CO)[C@H](O)[C@H]3O)[C@@H](O)[C@H](O)[C@H]2O)[C@H]1OC(C)=O
cpd15517,CC(=O)N[C@H]1[C@@H](O[C@@H]2[C@@H](O)[C@H]([C@H](O)CO)O[C@H]2OC[C@H]2O[C@H](O[C@@H]3[C@@H](O)[C@H](C)O[C@@H](O[C@H]4[C@H](O)[C@@H](CO[C@H]5O[C@H](CO)[C@@H](O)[C@H](O)[C@H]5O)O[C@H](OP(=O)([O-])OP(=O)([O-])OC/C=C(\C)CC/C=C(/C)CC/C=C(/C)CC/C=C(/C)CC/C=C(/C)CC/C=C(/C)CC/C=C(/C)CC/C=C(/C)CC/C=C(\C)CC/C=C(\C)CCC=C(C)C)[C@@H]4NC(C)=O)[C@@H]3OC(C)=O)[C@H](O)[C@@H](O)[C@@H]2O)O[C@H](CO[C@H]2O[C@H](CO)[C@@H](O)[C@H](O)[C@H]2O)[C@@H](O)[C@@H]1O[C@@H]1O[C@@H](C)[C@H](O)[C@@H](O[C@H]2O[C@H](CO[C@@H]3O[C@@H]([C@H](O)CO)[C@H](O)[C@H]3O[C@H]3O[C@H](CO[C@H]4O[C@H](CO)[C@@H](O)[C@H](O)[C@H]4O)[C@@H](O)[C@H](O[C@@H]4O[C@@H](C)[C@H](O)[C@@H](O[C@H]5O[C@H](CO[C@@H]6O[C@@H]([C@H](O)CO)[C@H](O)[C@H]6O)[C@@H](O)[C@H](O)[C@H]5O)[C@H]4OC(C)=O)[C@H]3NC(C)=O)[C@@H](O)[C@H](O)[C@H]2O)[C@H]1OC(C)=O
cpd15520,CC(=O)N[C@H]1[C@@H](OP(=O)([O-])OP(=O)([O-])OC/C=C(\C)CC/C=C(/C)CC/C=C(/C)CC/C=C(/C)CC/C=C(/C)CC/C=C(/C)CC/C=C(/C)CC/C=C(/C)CC/C=C(\C)CC/C=C(\C)CCC=C(C)C)O[C@H](CO[C@H]2O[C@H](CO)[C@@H](O)[C@H](O)[C@H]2O)[C@@H](O)[C@@H]1O[C@@H]1O[C@@H](C)[C@H](O)[C@@H](O[C@H]2O[C@H](CO[C@@H]3O[C@@H]([C@H](O)CO)[C@H](O)[C@H]3O)[C@@H](O)[C@H](O)[C@H]2O)[C@H]1OC(C)=O
cpd00007,O=O
cpd00007,O=O
cpd00532,[O][O-]
cpd00032,O=C([O-])CC(=O)C(=O)[O-]
cpd03130,CCCCC/C=C/C(=O)SCCNC(=O)CCNC(=O)[C@H](O)C(C)(C)COP(=O)([O-])OP(=O)([O-])OC[C@H]1O[C@@H](n2cnc3c(N)ncnc32)[C@H](O)[C@@H]1OP(=O)([O-])[O-]
cpd11470,
cpd01335,CCCCCCCC(=O)SCCNC(=O)CCNC(=O)[C@H](O)C(C)(C)COP(=O)([O-])OP(=O)([O-])OC[C@H]1O[C@@H](n2cnc3c(N)ncnc32)[C@H](O)[C@@H]1OP(=O)([O-])[O-]
cpd03846,CCCCCCCC(=O)[O-]
cpd11825,*SC(=O)CCCCCCC/C=C\CCCCCCCC
cpd03606,O=C([O-])C(=O)[C@H](O)COP(=O)([O-])[O-]
cpd00247,O=C([O-])c1cc(=O)[nH]c(=O)[nH]1
cpd00810,O=C([O-])c1cc(=O)[nH]c(=O)n1[C@@H]1O[C@H](COP(=O)([O-])[O-])[C@@H](O)[C@H]1O
cpd00180,O=C([O-])C(=O)[O-]
cpd01507,CC(C)(COP(=O)([O-])OP(=O)([O-])OC[C@H]1O[C@@H](n2cnc3c(N)ncnc32)[C@H](O)[C@@H]1OP(=O)([O-])[O-])[C@@H](O)C(=O)NCCC(=O)NCCSC(=O)CC(=O)CCC(=O)[O-]
cpd15521,
cpd15522,
cpd15523,
cpd15524,
cpd15525,
cpd15526,
cpd15527,
cpd15277,*[NH2+][C@@H](COP(=O)([O-])OCC(C)(C)[C@@H](O)C(=O)NCCC(=O)NCCSC(=O)CCCCCCCCCCCCCCC)C(*)=O
cpd11476,*SC(=O)CCCCCCCCCCCCCCC
cpd00834,CC(C)(COP(=O)([O-])[O-])[C@@H](O)C(=O)NCCC(=O)NCCS
cpd00408,CC(C)(CO)[C@@H](O)C(=O)[O-]
cpd00045,Nc1ncnc2c1ncn2[C@@H]1O[C@H](COP(=O)([O-])[O-])[C@@H](OP(=O)([O-])[O-])[C@H]1O
cpd00044,Nc1ncnc2c1ncn2[C@@H]1O[C@H](COP(=O)([O-])OS(=O)(=O)[O-])[C@@H](OP(=O)([O-])[O-])[C@H]1O
cpd00478,Cc1ncc(COP(=O)([O-])[O-])c(CO)c1O
cpd15533,
cpd00061,C=C(OP(=O)([O-])[O-])C(=O)[O-]
cpd15540,
cpd15542,
cpd15543,
cpd15544,
cpd15545,
cpd15546,
cpd15547,
cpd15548,
cpd00066,[NH3+][C@@H](Cc1ccccc1)C(=O)[O-]
cpd00066,[NH3+][C@@H](Cc1ccccc1)C(=O)[O-]
cpd00028,C=CC1=C(C)C2=N/C1=C\c1c(C)c(CCC(=O)[O-])c3n1[Fe]n1/c(c(C)c(C=C)/c1=C/2)=C\C1=N/C(=C\3)C(CCC(=O)[O-])=C1C
cpd00028,C=CC1=C(C)C2=N/C1=C\c1c(C)c(CCC(=O)[O-])c3n1[Fe]n1/c(c(C)c(C=C)/c1=C/2)=C\C1=N/C(=C\3)C(CCC(=O)[O-])=C1C
cpd00809,[NH3+][C@@H](CCOP(=O)([O-])[O-])C(=O)[O-]
cpd00143,O=C([O-])C(=O)Cc1ccccc1
cpd03607,[NH3+][C@H](C(=O)[O-])[C@H](O)COP(=O)([O-])[O-]
cpd00009,O=P([O-])([O-])O
cpd00009,O=P([O-])([O-])O
cpd00134,CCCCCCCCCCCCCCCC(=O)SCCNC(=O)CCNC(=O)[C@H](O)C(C)(C)COP(=O)([O-])OP(=O)([O-])OC[C@H]1O[C@@H](n2cnc3c(N)ncnc32)[C@H](O)[C@@H]1OP(=O)([O-])[O-]
cpd00644,CC(C)(CO)[C@@H](O)C(=O)NCCC(=O)[O-]
cpd00644,CC(C)(CO)[C@@H](O)C(=O)NCCC(=O)[O-]
cpd00371,CCC=O
cpd01844,CCC(=O)OP(=O)([O-])[O-]
cpd00689,[NH3+]Cc1[nH]cc(CCC(=O)[O-])c1CC(=O)[O-]
cpd00086,CCC(=O)SCCNC(=O)CCNC(=O)[C@H](O)C(C)(C)COP(=O)([O-])OP(=O)([O-])OC[C@H]1O[C@@H](n2cnc3c(N)ncnc32)[C@H](O)[C@@H]1OP(=O)([O-])[O-]
cpd00905,Nc1nc2c(ncn2[C@@H]2O[C@H](COP(=O)([O-])OP(=O)([O-])O)[C@@H](OP(=O)([O-])OP(=O)([O-])[O-])[C@H]2O)c(=O)[nH]1
cpd00219,O=C([O-])C(=O)C[C@]1(C(=O)[O-])C=C[C@@H](O)C=C1
cpd00012,O=P([O-])([O-])OP(=O)([O-])O
cpd00012,O=P([O-])([O-])OP(=O)([O-])O
cpd03559,CCCO
cpd00421,O=P([O-])([O-])OP(=O)([O-])OP(=O)([O-])O
cpd01982,[NH3+][C@@H]1O[C@H](COP(=O)([O-])[O-])[C@@H](O)[C@H]1O
cpd02642,O=C([O-])c1ccccc1N[C@@H]1O[C@H](COP(=O)([O-])[O-])[C@@H](O)[C@H]1O
cpd01777,N=c1c2ncn(C3O[C@H](COP(=O)([O-])[O-])[C@@H](O)[C@H]3O)c2ncn1[C@@H]1O[C@H](COP(=O)([O-])[O-])[C@@H](O)[C@H]1O
cpd01775,N=c1c2ncn(C3O[C@H](COP(=O)([O-])OP(=O)([O-])OP(=O)([O-])O)[C@@H](O)[C@H]3O)c2ncn1[C@@H]1O[C@H](COP(=O)([O-])[O-])[C@@H](O)[C@H]1O
cpd15661,
cpd15662,
cpd02979,NC(=O)c1ncn([C@@H]2O[C@H](COP(=O)([O-])[O-])[C@@H](O)[C@H]2O)c1/N=C/N[C@@H]1O[C@H](COP(=O)([O-])[O-])[C@@H](O)[C@H]1O
cpd02991,NC(=O)c1ncn([C@@H]2O[C@H](COP(=O)([O-])[O-])[C@@H](O)[C@H]2O)c1N/C=N/CC(=O)[C@H](O)[C@H](O)COP(=O)([O-])[O-]
cpd00129,O=C([O-])[C@@H]1CCC[NH2+]1
cpd00129,O=C([O-])[C@@H]1CCC[NH2+]1
cpd00103,O=P([O-])([O-])OC[C@H]1O[C@H](OP(=O)([O-])OP(=O)([O-])O)[C@H](O)[C@@H]1O
cpd15557,
cpd00738,[NH3+][C@@H](COP(=O)([O-])[O-])C(=O)[O-]
cpd02524,CC(C)(CO)[C@@H](O)C(=O)NCCC(=O)N[C@@H](CS)C(=O)[O-]
cpd00118,[NH3+]CCCC[NH3+]
cpd00118,[NH3+]CCCC[NH3+]
cpd00620,CC(C)(CO)[C@@H](O)C(=O)NCCC(=O)NCCS
cpd00493,Cc1ncc(COP(=O)([O-])[O-])c(C[NH3+])c1O
cpd00419,Cc1ncc(CO)c(C[NH3+])c1O
cpd00215,Cc1ncc(CO)c(C=O)c1O
cpd00215,Cc1ncc(CO)c(C=O)c1O
cpd00016,Cc1ncc(COP(=O)([O-])[O-])c(C=O)c1O
cpd00263,Cc1ncc(CO)c(CO)c1O
cpd00020,CC(=O)C(=O)[O-]
cpd02333,O=C([O-])c1cccnc1C(=O)[O-]
cpd00475,O=P([O-])([O-])O[C@H]1O[C@H](CO)[C@@H](O)[C@H]1O
cpd03593,C[C@H](C(=O)[O-])[C@@H](O)C(=O)[O-]
cpd00101,O=P([O-])([O-])OC[C@H]1OC(O)[C@H](O)[C@@H]1O
cpd00382,OC[C@H]1O[C@@](CO)(O[C@H]2O[C@H](CO[C@H]3O[C@H](CO)[C@H](O)[C@H](O)[C@H]3O)[C@@H](O)[C@H](O)[C@H]2O)[C@@H](O)[C@@H]1O
cpd03423,Cc1cc2ncn([C@H]3O[C@H](CO)[C@@H](O)[C@H]3O)c2cc1C
cpd02227,[NH3+][C@@H](CCSC[C@H]1O[C@@H](O)[C@H](O)[C@@H]1O)C(=O)[O-]
cpd02227,[NH3+][C@@H](CCSC[C@H]1O[C@@H](O)[C@H](O)[C@@H]1O)C(=O)[O-]
cpd00220,Cc1cc2nc3c(=O)[n-]c(=O)nc-3n(C[C@H](O)[C@H](O)[C@H](O)CO)c2cc1C
cpd00220,Cc1cc2nc3c(=O)[n-]c(=O)nc-3n(C[C@H](O)[C@H](O)[C@H](O)CO)c2cc1C
cpd02016,NC(=O)c1ccc[n+]([C@@H]2O[C@H](CO)[C@@H](O)[C@H]2O)c1
cpd00171,O=C(CO)[C@H](O)[C@H](O)COP(=O)([O-])[O-]
cpd00349,O=C(COP(=O)([O-])[O-])[C@@H](O)[C@H](O)[C@H](O)[C@H](O)COP(=O)([O-])[O-]
cpd00238,O=C(CO)[C@@H](O)[C@H](O)[C@H](O)[C@H](O)COP(=O)([O-])[O-]
cpd01030,OCc1ccccc1O[C@@H]1O[C@H](CO)[C@@H](O)[C@H](O)[C@H]1O
cpd00588,OC[C@H](O)[C@@H](O)[C@H](O)[C@H](O)CO
cpd00491,O=P([O-])([O-])OC[C@@H](O)[C@@H](O)[C@H](O)[C@@H](O)CO
cpd00804,O=P([O-])([O-])OC[C@@H](O)[C@@H](O)[C@H](O)[C@@H](O)CO
cpd02021,CC(C)(COP(=O)([O-])OP(=O)([O-])OC[C@H]1O[C@@H](n2cnc3c(N)ncnc32)[C@H](O)[C@@H]1OP(=O)([O-])[O-])[C@@H](O)C(=O)NCCC(=O)NCCSC(=O)CCC(=O)c1ccccc1C(=O)[O-]
cpd03426,C[C@@]1(CC(=O)[O-])c2cc3[nH]c(cc4nc(cc5[nH]c(cc(n2)[C@H]1CCC(=O)[O-])[C@@](C)(CC(=O)[O-])[C@@H]5CCC(=O)[O-])C(CC(=O)[O-])=C4CCC(=O)[O-])c(CCC(=O)[O-])c3CC(=O)[O-]
cpd00054,[NH3+][C@@H](CO)C(=O)[O-]
cpd00054,[NH3+][C@@H](CO)C(=O)[O-]
cpd00557,C[C@@]1(CC(=O)[O-])/C2=C/c3c(CC(=O)[O-])c(CCC(=O)[O-])c4n3[Fe]N3/C(=C\C5=N/C(=C\4)C(CCC(=O)[O-])=C5CC(=O)[O-])[C@@H](CCC(=O)[O-])[C@](C)(CC(=O)[O-])/C3=C/C(=N2)[C@H]1CCC(=O)[O-]
cpd00383,O=C([O-])C1=C[C@@H](O)[C@@H](O)[C@H](O)C1
cpd02030,O=C([O-])C1=C[C@@H](OP(=O)([O-])[O-])[C@@H](O)[C@H](O)C1
cpd00081,O=S([O-])O
cpd00048,O=S(=O)([O-])[O-]
cpd00048,O=S(=O)([O-])[O-]
cpd00264,[NH3+]CCCC[NH2+]CCC[NH3+]
cpd00264,[NH3+]CCCC[NH2+]CCC[NH3+]
cpd00327,CCCCCCCCCCCCCCCCCC(=O)SCCNC(=O)CCNC(=O)[C@H](O)C(C)(C)COP(=O)([O-])OP(=O)([O-])OC[C@H]1O[C@@H](n2cnc3c(N)ncnc32)[C@H](O)[C@@H]1OP(=O)([O-])[O-]
cpd01133,OC[C@H]1O[C@@](CO)(O[C@H]2O[C@H](CO[C@H]3O[C@H](CO[C@H]4O[C@H](CO)[C@H](O)[C@H](O)[C@H]4O)[C@H](O)[C@H](O)[C@H]3O)[C@@H](O)[C@H](O)[C@H]2O)[C@@H](O)[C@@H]1O
cpd01693,O=P([O-])([O-])OC[C@H]1O[C@@](CO)(O[C@H]2O[C@H](CO)[C@@H](O)[C@H](O)[C@H]2O)[C@@H](O)[C@@H]1O
cpd01772,O=C([O-])CCC(=O)c1ccccc1C(=O)[O-]
cpd00036,O=C([O-])CCC(=O)[O-]
cpd00078,CC(C)(COP(=O)([O-])OP(=O)([O-])OC[C@H]1O[C@@H](n2cnc3c(N)ncnc32)[C@H](O)[C@@H]1OP(=O)([O-])[O-])[C@@H](O)C(=O)NCCC(=O)NCCSC(=O)CCC(=O)[O-]
cpd00822,[NH3+][C@@H](CCOC(=O)CCC(=O)[O-])C(=O)[O-]
cpd00076,OC[C@H]1O[C@H](O[C@]2(CO)O[C@H](CO)[C@@H](O)[C@@H]2O)[C@H](O)[C@@H](O)[C@@H]1O
cpd00076,OC[C@H]1O[C@H](O[C@]2(CO)O[C@H](CO)[C@@H](O)[C@@H]2O)[C@H](O)[C@@H](O)[C@@H]1O
cpd15568,
cpd15570,
cpd00805,O=P([O-])([O-])OC[C@H]1OC(O)(CO)[C@@H](O)[C@H]1O
cpd02371,O=P([O-])([O-])OC[C@H]1OC(O)(COP(=O)([O-])[O-])[C@@H](O)[C@H]1O
cpd11459,
cpd03127,CCCCCCCCCCC/C=C/C(=O)SCCNC(=O)CCNC(=O)[C@H](O)C(C)(C)COP(=O)([O-])OP(=O)([O-])OC[C@H]1O[C@@H](n2cnc3c(N)ncnc32)[C@H](O)[C@@H]1OP(=O)([O-])[O-]
cpd01695,CCCCCCCCCCCCCC(=O)SCCNC(=O)CCNC(=O)[C@H](O)C(C)(C)COP(=O)([O-])OP(=O)([O-])OC[C@H]1O[C@@H](n2cnc3c(N)ncnc32)[C@H](O)[C@@H]1OP(=O)([O-])[O-]
cpd11469,
cpd15294,
cpd11475,*SC(=O)/C=C/CCCCCCC
cpd02465,O=C([O-])C1=N[C@H](C(=O)[O-])CCC1
cpd11473,
cpd00087,Nc1nc2c(c(=O)[nH]1)N[C@@H](CNc1ccc(C(=O)N[C@@H](CCC(=O)[O-])C(=O)[O-])cc1)CN2
cpd06227,
cpd00305,Cc1ncc(C[n+]2csc(CCO)c2C)c(N)n1
cpd00305,Cc1ncc(C[n+]2csc(CCO)c2C)c(N)n1
cpd00793,Cc1nc(N)c(C[n+]2csc(CCOP(=O)([O-])[O-])c2C)c[nH+]1
cpd00056,Cc1ncc(C[n+]2csc(CCOP(=O)([O-])OP(=O)([O-])O)c2C)c(N)n1
cpd00161,C[C@@H](O)[C@H]([NH3+])C(=O)[O-]
cpd00161,C[C@@H](O)[C@H]([NH3+])C(=O)[O-]
cpd00184,Cc1cn([C@H]2C[C@H](O)[C@@H](CO)O2)c(=O)[nH]c1=O
cpd11467,
cpd11471,
cpd15572,
cpd11477,
cpd11420,*[NH2+][C@H]1CSSC[C@@H](C(*)=O)NC(=O)[C@H](*)NC(=O)[C@H](*)NC1=O
cpd11421,*[NH2+][C@@H](CS)C(=O)N[C@@H](*)C(=O)N[C@@H](*)C(=O)N[C@@H](CS)C(*)=O
cpd00794,OC[C@H]1O[C@H](O[C@H]2O[C@H](CO)[C@@H](O)[C@H](O)[C@H]2O)[C@H](O)[C@@H](O)[C@@H]1O
cpd00523,O=P([O-])([O-])OC[C@H]1O[C@H](O[C@H]2O[C@H](CO)[C@@H](O)[C@H](O)[C@H]2O)[C@H](O)[C@@H](O)[C@@H]1O
cpd11912,
cpd00065,[NH3+][C@@H](Cc1c[nH]c2ccccc12)C(=O)[O-]
cpd00065,[NH3+][C@@H](Cc1c[nH]c2ccccc12)C(=O)[O-]
cpd00268,O=S(=O)([O-])S
cpd08211,CC(C)=CCC/C(C)=C/CC/C(C)=C/CC/C(C)=C\COP(=O)([O-])OP(=O)([O-])O
cpd15298,
cpd00069,[NH3+][C@@H](Cc1ccc(O)cc1)C(=O)[O-]
cpd00069,[NH3+][C@@H](Cc1ccc(O)cc1)C(=O)[O-]
cpd02886,CCCCCCCCCCC[C@@H](O)CC(=O)O[C@H]1[C@H](O)[C@@H](CO)O[C@H](OP(=O)([O-])OP(=O)([O-])OC[C@H]2O[C@@H](n3ccc(=O)[nH]c3=O)[C@H](O)[C@@H]2O)[C@@H]1NC(C)=O
cpd03487,
cpd03488,
cpd03491,CC(=O)N[C@H]1[C@H](O[C@@H]2[C@@H](CO)O[C@H](OP(=O)([O-])OP(=O)([O-])OC/C=C(/C)CC/C=C(/C)CC/C=C(/C)CC/C=C(/C)CC/C=C(/C)CC/C=C(/C)CC/C=C(/C)CC/C=C(/C)CC/C=C(\C)CC/C=C(\C)CCC=C(C)C)[C@H](NC(C)=O)[C@H]2O[C@H](C)C(=O)N[C@@H](C)C(=O)N[C@H](CCC(=O)N[C@@H](CCCC[NH3+])C(=O)N[C@H](C)C(=O)N[C@H](C)C(=O)[O-])C(=O)[O-])O[C@H](CO)[C@@H](O)[C@@H]1O
cpd03492,CC(=O)N[C@H]1[C@H](O[C@@H]2[C@@H](CO)O[C@H](OP(=O)([O-])OP(=O)([O-])OC/C=C(/C)CC/C=C(/C)CC/C=C(/C)CC/C=C(/C)CC/C=C(/C)CC/C=C(/C)CC/C=C(/C)CC/C=C(/C)CC/C=C(\C)CC/C=C(\C)CCC=C(C)C)[C@H](NC(C)=O)[C@H]2O[C@H](C)C(=O)N[C@@H](C)C(=O)N[C@H](CCC(=O)N[C@@H](CCCC[NH3+])C(=O)N[C@H](C)C(=O)N[C@H](C)C(=O)[O-])C(N)=O)O[C@H](CO)[C@@H](O)[C@@H]1O
cpd03495,CC(=O)N[C@H]1[C@H](O[C@@H]2[C@@H](CO)O[C@H](OP(=O)([O-])OP(=O)([O-])OC/C=C(/C)CC/C=C(/C)CC/C=C(/C)CC/C=C(/C)CC/C=C(/C)CC/C=C(/C)CC/C=C(/C)CC/C=C(/C)CC/C=C(\C)CC/C=C(\C)CCC=C(C)C)[C@H](NC(C)=O)[C@H]2O[C@H](C)C(=O)N[C@@H](C)C(=O)N[C@H](CCC(=O)N[C@@H](CCC[C@@H]([NH3+])C(=O)[O-])C(=O)N[C@H](C)C(=O)N[C@H](C)C(=O)[O-])C(=O)[O-])O[C@H](CO)[C@@H](O)[C@@H]1O
cpd03496,
cpd02820,C=C(O[C@H]1[C@H](O)[C@@H](CO)O[C@H](OP(=O)([O-])OP(=O)([O-])OC[C@H]2O[C@@H](n3ccc(=O)[nH]c3=O)[C@H](O)[C@@H]2O)[C@@H]1NC(C)=O)C(=O)[O-]
cpd00037,CC(=O)N[C@H]1[C@@H](OP(=O)([O-])OP(=O)([O-])OC[C@H]2O[C@@H](n3ccc(=O)[nH]c3=O)[C@H](O)[C@@H]2O)O[C@H](CO)[C@@H](O)[C@@H]1O
cpd00861,CC(=O)N[C@@H]1[C@@H](OP(=O)([O-])OP(=O)([O-])OC[C@H]2O[C@@H](n3ccc(=O)[nH]c3=O)[C@H](O)[C@@H]2O)O[C@H](CO)[C@@H](O)[C@@H]1O
cpd02948,CC(=O)N[C@H]1[C@@H](OP(=O)([O-])OP(=O)([O-])OC/C=C(/C)CC/C=C(/C)CC/C=C(/C)CC/C=C(/C)CC/C=C(/C)CC/C=C(/C)CC/C=C(/C)CC/C=C(/C)CC/C=C(\C)CC/C=C(\C)CCC=C(C)C)O[C@H](CO)[C@@H](O)[C@@H]1O[C@H](C)C(=O)N[C@@H](C)C(=O)N[C@H](CCC(=O)N[C@@H](CCCC[NH3+])C(=O)N[C@H](C)C(=O)N[C@H](C)C(=O)[O-])C(=O)[O-]
cpd03494,CC(=O)N[C@H]1[C@@H](OP(=O)([O-])OP(=O)([O-])OC/C=C(/C)CC/C=C(/C)CC/C=C(/C)CC/C=C(/C)CC/C=C(/C)CC/C=C(/C)CC/C=C(/C)CC/C=C(/C)CC/C=C(\C)CC/C=C(\C)CCC=C(C)C)O[C@H](CO)[C@@H](O)[C@@H]1O[C@H](C)C(=O)N[C@@H](C)C(=O)N[C@H](CCC(=O)N[C@@H](CCC[C@@H]([NH3+])C(=O)[O-])C(=O)N[C@H](C)C(=O)N[C@H](C)C(=O)[O-])C(=O)[O-]
cpd00890,CC(=O)N[C@H]1[C@@H](OP(=O)([O-])OP(=O)([O-])OC[C@H]2O[C@@H](n3ccc(=O)[nH]c3=O)[C@H](O)[C@@H]2O)O[C@H](CO)[C@@H](O)[C@@H]1O[C@H](C)C(=O)N[C@@H](C)C(=O)[O-]
cpd00525,CC(=O)N[C@H]1[C@@H](OP(=O)([O-])OP(=O)([O-])OC[C@H]2O[C@@H](n3ccc(=O)[nH]c3=O)[C@H](O)[C@@H]2O)O[C@H](CO)[C@@H](O)[C@@H]1O[C@H](C)C(=O)N[C@@H](C)C(=O)N[C@H](CCC(=O)[O-])C(=O)[O-]
cpd00773,CC(=O)N[C@H]1[C@@H](OP(=O)([O-])OP(=O)([O-])OC[C@H]2O[C@@H](n3ccc(=O)[nH]c3=O)[C@H](O)[C@@H]2O)O[C@H](CO)[C@@H](O)[C@@H]1O[C@H](C)C(=O)[O-]
cpd02229,CC(C)=CCC/C(C)=C/CC/C(C)=C/CC/C(C)=C\CC/C(C)=C\CC/C(C)=C\CC/C(C)=C\CC/C(C)=C\CC/C(C)=C\CC/C(C)=C\CC/C(C)=C\COP(=O)([O-])OP(=O)([O-])O
cpd00286,CC(C)=CCC/C(C)=C/CC/C(C)=C/CC/C(C)=C/CC/C(C)=C/CC/C(C)=C/CC/C(C)=C/CC/C(C)=C/CC/C(C)=C/CC/C(C)=C/CC/C(C)=C/COP(=O)([O-])[O-]
cpd00014,O=c1ccn([C@@H]2O[C@H](COP(=O)([O-])OP(=O)([O-])O)[C@@H](O)[C@H]2O)c(=O)[nH]1
cpd00175,CC(=O)N[C@H]1C(OP(=O)([O-])OP(=O)([O-])OC[C@H]2O[C@@H](n3ccc(=O)[nH]c3=O)[C@H](O)[C@@H]2O)O[C@H](CO)[C@H](O)[C@@H]1O
cpd00026,O=c1ccn([C@@H]2O[C@H](COP(=O)([O-])OP(=O)([O-])O[C@H]3O[C@H](CO)[C@@H](O)[C@H](O)[C@H]3O)[C@@H](O)[C@H]2O)c(=O)[nH]1
cpd00043,O=c1ccn([C@@H]2O[C@H](COP(=O)([O-])OP(=O)([O-])OC3O[C@H](CO)[C@H](O)[C@H](O)[C@H]3O)[C@@H](O)[C@H]2O)c(=O)[nH]1
cpd02338,O=c1ccn([C@@H]2O[C@H](COP(=O)([O-])OP(=O)([O-])O[C@H]3O[C@@H]([C@H](O)CO)[C@H](O)[C@H]3O)[C@@H](O)[C@H]2O)c(=O)[nH]1
cpd00144,O=C([O-])[C@H]1O[C@H](OP(=O)([O-])OP(=O)([O-])OC[C@H]2O[C@@H](n3ccc(=O)[nH]c3=O)[C@H](O)[C@@H]2O)[C@H](O)[C@@H](O)[C@@H]1O
cpd00091,O=c1ccn([C@@H]2O[C@H](COP(=O)([O-])[O-])[C@@H](O)[C@H]2O)c(=O)[nH]1
cpd00946,CC(=O)N[C@H]1[C@@H](OP(=O)([O-])OP(=O)([O-])OC/C=C(/C)CC/C=C(/C)CC/C=C(/C)CC/C=C(/C)CC/C=C(/C)CC/C=C(/C)CC/C=C(/C)CC/C=C(/C)CC/C=C(\C)CC/C=C(\C)CCC=C(C)C)O[C@H](CO)[C@@H](O)[C@@H]1O
cpd00774,O=C([O-])CCc1c2[nH]c(c1CC(=O)[O-])Cc1[nH]c(c(CC(=O)[O-])c1CCC(=O)[O-])Cc1[nH]c(c(CC(=O)[O-])c1CCC(=O)[O-])Cc1[nH]c(c(CCC(=O)[O-])c1CC(=O)[O-])C2
cpd00092,O=c1cc[nH]c(=O)[nH]1
cpd00073,NC(N)=O
cpd00073,NC(N)=O
cpd00249,O=c1ccn([C@@H]2O[C@H](CO)[C@@H](O)[C@H]2O)c(=O)[nH]1
cpd00062,O=c1ccn([C@@H]2O[C@H](COP(=O)([O-])OP(=O)([O-])OP(=O)([O-])O)[C@@H](O)[C@H]2O)c(=O)[nH]1
cpd00156,CC(C)[C@H]([NH3+])C(=O)[O-]
cpd00156,CC(C)[C@H]([NH3+])C(=O)[O-]
cpd00309,O=c1[nH]c(=O)c2[nH]cnc2[nH]1
cpd00497,O=c1[nH]c(=O)c2ncn([C@@H]3O[C@H](COP(=O)([O-])[O-])[C@@H](O)[C@H]3O)c2[nH]1
cpd00530,O=c1[nH]c(=O)c2ncn([C@@H]3O[C@H](COP(=O)([O-])OP(=O)([O-])OP(=O)([O-])O)[C@@H](O)[C@H]3O)c2[nH]1
cpd01217,O=c1[nH]c(=O)c2ncn([C@@H]3O[C@H](CO)[C@@H](O)[C@H]3O)c2[nH]1
cpd00198,O=C(CO)[C@@H](O)[C@H](O)COP(=O)([O-])[O-]
cpd00154,OC1OC[C@@H](O)[C@H](O)[C@H]1O
cpd00154,OC1OC[C@@H](O)[C@H](O)[C@H]1O
cpd00034,[Zn+2]
cpd00034,[Zn+2]
cpd22312,*[NH2+]CC(=O)NCC(=O)OP(=O)([O-])OC[C@H]1O[C@@H](n2cnc3c(N)ncnc32)[C@H](O)[C@@H]1O
cpd00190,OC[C@H]1O[C@@H](O)[C@H](O)[C@@H](O)[C@@H]1O
cpd28259,*[NH2+]CC(=O)NCC(=O)[S-]
cpd28253,*[NH2+]CC(=O)NCC(=O)[O-]
cpd22022,*[NH2+][C@@H](COP(=O)([O-])OCC(C)(C)[C@@H](O)C(=O)NCCC(=O)NCCSC(=O)C[C@H](O)CC(=O)OC)C(*)=O
cpd22065,*[NH2+][C@@H](COP(=O)([O-])OCC(C)(C)[C@@H](O)C(=O)NCCC(=O)NCCSC(=O)C[C@H](O)CCCC(=O)OC)C(*)=O
cpd22027,*[NH2+][C@@H](COP(=O)([O-])OCC(C)(C)[C@@H](O)C(=O)NCCC(=O)NCCSC(=O)CC(=O)CC(=O)OC)C(*)=O
cpd22028,*[NH2+][C@@H](COP(=O)([O-])OCC(C)(C)[C@@H](O)C(=O)NCCC(=O)NCCSC(=O)CC(=O)CCCC(=O)OC)C(*)=O
cpd22290,
cpd02967,CC(=O)N[C@@H]1[C@H](O[C@@H]2[C@@H](CO)O[C@H](OP(=O)([O-])OP(=O)([O-])OC/C=C(/C)CC/C=C(/C)CC/C=C(/C)CC/C=C(/C)CC/C=C(/C)CC/C=C(/C)CC/C=C(/C)CC/C=C(/C)CC/C=C(\C)CC/C=C(\C)CCC=C(C)C)[C@H](NC(C)=O)[C@H]2O)O[C@H](CO)[C@@H](O)[C@@H]1O
cpd00424,[NH3+][C@H](CSCC[C@@H]([NH3+])C(=O)[O-])C(=O)[O-]
cpd19442,[NH3+]CCC[NH2+]CCC[C@H]([NH3+])C(=O)[O-]
cpd11591,CSCC[C@H](NC(=O)C[NH3+])C(=O)[O-]
cpd11580,NC(=O)CC[C@H](NC(=O)C[NH3+])C(=O)[O-]
cpd11583,CC(C)C[C@H](NC(=O)[C@H](C)[NH3+])C(=O)[O-]
cpd11584,C[C@H]([NH3+])C(=O)N[C@@H](Cc1c[nH]cn1)C(=O)[O-]
cpd11587,C[C@H]([NH3+])C(=O)N[C@@H](CCC(N)=O)C(=O)[O-]
cpd11593,C[C@H]([NH3+])C(=O)N[C@@H](CC(=O)[O-])C(=O)[O-]
cpd11589,[NH3+]CC(=O)N[C@@H](CC(=O)[O-])C(=O)[O-]
cpd21479,CC1=N[C@@H](C(=O)[O-])S/C1=C\COP(=O)([O-])[O-]
cpd21480,Cc1nc(C(=O)[O-])sc1CCOP(=O)([O-])[O-]
cpd10162,CC[C@@](C)(O)C(=O)C(=O)[O-]
cpd36025,Nc1nc2c(c(=O)[nH]1)N[C@H]1N2C2OC(COP(=O)([O-])OP(=O)([O-])OP(=O)([O-])[O-])C1(O)C2O
cpd33817,CC1=C2[N+]3=C(C=C4[N+]5=C(C(C)=C6N7[C@H]([C@H](CC(N)=O)[C@@]6(C)CCC(=O)NC[C@@H](C)O)[C@]6(C)[N+](=C1[C@@H](CCC(N)=O)[C@]6(C)CC(N)=O)[Co-2]753)[C@@H](CCC(N)=O)C4(C)C)[C@@H](CCC(N)=O)[C@]2(C)CC(N)=O
cpd01700,C[C@@](O)(CC(=O)[O-])C(=O)[O-]
cpd02506,NC(=O)C1N=CN=C1N
cpd03520,Nc1nc(=O)c2c([nH]1)N[C@@H]1O[C@H](COP(=O)([O-])[O-])C([S-])=C(S)[C@@H]1N2
cpd02279,CN(C)C(=[NH2+])NCCC[C@H]([NH3+])C(=O)[O-]
cpd21090,Nc1nc(=O)c2c([nH]1)N[C@@H]1O[C@H](COP(=O)([O-])OP(=O)([O-])OC[C@H]3O[C@@H](n4cnc5c(N)ncnc54)[C@H](O)[C@@H]3O)C([S-])=C(S)[C@@H]1N2
cpd19503,Nc1nc(=O)c2c([nH]1)N[C@@H]1O[C@H](COP(=O)([O-])[O-])C3=C(S[Mo](=O)(=O)S3)[C@@H]1N2
cpd07923,Nc1nc(=O)n([C@H]2C[C@H](O)[C@@H](COP(=O)([O-])OP(=O)([O-])O)O2)cc1CO
cpd07924,Nc1nc(=O)n([C@H]2C[C@H](O)[C@@H](COP(=O)([O-])OP(=O)([O-])OP(=O)([O-])O)O2)cc1CO
cpd26978,[*H2]
cpd27020,*[NH2+][C@@H](COP(=O)([O-])OCC(C)(C)[C@@H](O)C(=O)NCCC(=O)NCCSC(=O)/C=C/CC(=O)OC)C(*)=O
cpd27021,*[NH2+][C@@H](COP(=O)([O-])OCC(C)(C)[C@@H](O)C(=O)NCCC(=O)NCCSC(=O)/C=C/CCCC(=O)OC)C(*)=O
cpd27180,*[NH2+][C@@H](COP(=O)([O-])OCC(C)(C)[C@@H](O)C(=O)NCCC(=O)NCCSC(=O)CCCC(=O)OC)C(*)=O
cpd01324,[NH3+][C@H](C=O)Cc1c[nH]cn1
cpd02414,[NH3+][C@@H](CCCC(=O)C(=O)[O-])C(=O)[O-]
cpd36635,*[NH2+][C@@H](COP(=O)([O-])OCC(C)(C)[C@@H](O)C(=O)NCCC(=O)NCCSC(=O)CC(=O)OC)C(*)=O
cpd27758,
cpd27744,*n1c2nc(=O)[n-]c(=O)c-2nc2cc(C)c(C)cc21
cpd04097,[PbH6+2]
cpd04097,[PbH6+2]
cpd21088,
cpd19505,Nc1nc2c(c(=O)[nH]1)N[C@@H]1[C@H](N2)O[C@@H]2COP(=O)([O-])O[C@@H]2C1(O)O
cpd03560,CCC(=O)OP(=O)([O-])OC[C@H]1O[C@@H](n2cnc3c(N)ncnc32)[C@H](O)[C@@H]1O
cpd01567,NC(=O)N[C@@H]1NC(=O)NC1=O
cpd28083,
cpd28070,*N1c2cc(C)c(C)cc2Nc2c1[nH]c(=O)[nH]c2=O
cpd02782,CC(=O)N[C@H]1[C@@H](OP(=O)([O-])OP(=O)([O-])OC[C@H]2O[C@@H](n3ccc(=O)[nH]c3=O)[C@H](O)[C@@H]2O)O[C@H](C(=O)[O-])[C@@H](O)[C@@H]1O
cpd03518,Nc1nc(N[C@@H]2O[C@H](COP(=O)([O-])OP(=O)([O-])OP(=O)([O-])[O-])[C@@H](O)[C@H]2O)c(NC=O)c(=O)[nH]1
cpd03171,C[C@@H]1O[C@H](OP(=O)([O-])OP(=O)([O-])OC[C@H]2O[C@@H](n3cnc4c(=O)[nH]c(N)nc43)[C@H](O)[C@@H]2O)[C@H](O)[C@H](O)C1=O
cpd03192,C[C@@H]1O[C@H](OP(=O)([O-])OP(=O)([O-])OC[C@H]2O[C@@H](n3cnc4c(=O)[nH]c(N)nc43)[C@H](O)[C@@H]2O)[C@H](O)[C@H](O)[C@H]1O
cpd03063,CC(C[NH3+])C(=O)[O-]
cpd03519,Nc1nc(N[C@@H]2O[C@H](COP(=O)([O-])OP(=O)([O-])OP(=O)([O-])[O-])[C@@H](O)[C@H]2O)c(N)c(=O)[nH]1
cpd03666,Nc1nc(NCC(=O)C(O)C(O)COP(=O)([O-])OP(=O)([O-])OP(=O)([O-])[O-])c(N)c(=O)[nH]1
cpd11712,*NC(=O)[C@H](Cc1c[nH]cn1)NC(*)=O
cpd12237,*NC(=O)[C@H](CCSC)NC(*)=O
cpd12508,*NC(=O)[C@H](Cc1cncn1P(=O)([O-])[O-])NC(*)=O
cpd03424,*[Co+]N1/C2=C(/C)C3=[NH+]/C(=C\C4=[NH+]/C(=C(/C)C5=[NH+][C@@](C)(C1[C@H](CC(N)=O)[C@@]2(C)CCC(=O)NC[C@@H](C)OP(=O)([O-])O[C@@H]1[C@@H](CO)O[C@H](n2cnc6cc(C)c(C)cc62)[C@@H]1O)[C@@](C)(CC(N)=O)[C@@H]5CCC(N)=O)[C@@](C)(CC(N)=O)[C@@H]4CCC(N)=O)C(C)(C)[C@@H]3CCC(N)=O
cpd03424,*[Co+]N1/C2=C(/C)C3=[NH+]/C(=C\C4=[NH+]/C(=C(/C)C5=[NH+][C@@](C)(C1[C@H](CC(N)=O)[C@@]2(C)CCC(=O)NC[C@@H](C)OP(=O)([O-])O[C@@H]1[C@@H](CO)O[C@H](n2cnc6cc(C)c(C)cc62)[C@@H]1O)[C@@](C)(CC(N)=O)[C@@H]5CCC(N)=O)[C@@](C)(CC(N)=O)[C@@H]4CCC(N)=O)C(C)(C)[C@@H]3CCC(N)=O
cpd12847,*NC(=O)[C@H](CCCC[NH3+])NC(*)=O
cpd14507,*NC(=O)[C@H](CC[S@@](C)=O)NC(*)=O
cpd11571,
cpd11570,
cpd11501,
cpd11526,
cpd11530,
cpd15717,
cpd15720,
cpd15716,
cpd15721,
cpd15719,
cpd15718,
cpd15663,
cpd15666,
cpd15753,
cpd15754,
cpd15752,
cpd15751,
cpd15747,
cpd15746,
cpd15748,
cpd15730,
cpd15793,
cpd15678,
cpd15681,
cpd15677,
cpd15682,
cpd15680,
cpd15679,
cpd15739,
cpd11573,
cpd15665,
cpd15702,
cpd15705,
cpd15701,
cpd15706,
cpd15704,
cpd15703,
cpd11514,
cpd11539,
cpd11502,
cpd11527,
cpd11531,
cpd11586,
cpd11582,
cpd15771,
cpd15684,
cpd15687,
cpd15683,
cpd15688,
cpd15686,
cpd15685,
cpd11581,
cpd15603,
cpd11592,
cpd15605,
cpd11588,
cpd15606,
cpd15668,
cpd15669,
cpd15667,
cpd15772,
cpd15770,
cpd15769,
cpd11590,
cpd15765,
cpd15764,
cpd15775,
cpd15757,
cpd15766,
cpd15634,
cpd11572,
cpd11513,
cpd11538,
cpd15604,
cpd11609,
cpd11610,
cpd06158,O=c1ccc2cc(O)c(O)cc2o1
cpd03736,CCCCCCCCCCCC(=O)O[C@H](CCCCCCCCCCC)CC(=O)N[C@H]1[C@H](OC[C@H]2O[C@H](OP(=O)([O-])[O-])[C@H](NC(=O)C[C@H](O)CCCCCCCCCCC)[C@@H](OC(=O)C[C@H](O)CCCCCCCCCCC)[C@@H]2O)O[C@H](CO[C@]2(C(=O)[O-])C[C@@H](O[C@]3(C(=O)[O-])C[C@@H](O)[C@@H](O)[C@@H]([C@H](O)CO)O3)[C@@H](O)[C@@H]([C@H](O)CO)O2)[C@@H](OP(=O)([O-])[O-])[C@@H]1OC(=O)C[C@H](O)CCCCCCCCCCC
cpd00875,O=C([O-])C(=O)C[C@@H](O)[C@@H](O)[C@H](O)[C@H](O)CO
cpd02730,O=C([O-])[C@@]1(O)C[C@@H](O)[C@@H](O)[C@@H]([C@H](O)COP(=O)([O-])[O-])O1
cpd03586,CCCCCCCCCCC[C@@H](O)CC(=O)N[C@H]1[C@@H](OP(=O)([O-])[O-])O[C@H](CO[C@@H]2O[C@H](CO[C@]3(C(=O)[O-])C[C@@H](O[C@]4(C(=O)[O-])C[C@@H](O)[C@@H](O)[C@@H]([C@H](O)CO)O4)[C@@H](O)[C@@H]([C@H](O)CO)O3)[C@@H](OP(=O)([O-])[O-])[C@H](OC(=O)C[C@H](O)CCCCCCCCCCC)[C@H]2NC(=O)C[C@H](O)CCCCCCCCCCC)[C@@H](O)[C@@H]1OC(=O)C[C@H](O)CCCCCCCCCCC
cpd15431,
cpd15511,*O[C@@H]1[C@@H](CO)O[C@@H](O[C@@H]2[C@@H](CO)O[C@H](O[C@@H]3[C@@H](CO)O[C@@H](O[C@@H]4[C@@H](CO)O[C@H](O*)[C@H](NC(C)=O)[C@H]4O[C@H](C)C(=O)N[C@@H](C)C(=O)N[C@H](CCC(=O)N[C@@H](CCC[C@@H]([NH3+])C(=O)[O-])C(=O)N[C@H](C)C(=O)N[C@H](C)C(=O)[O-])C(=O)[O-])[C@H](NC(C)=O)[C@H]3O)[C@H](NC(C)=O)[C@H]2O[C@H](C)C(=O)N[C@@H](C)C(=O)N[C@H](CCC(=O)N[C@@H](CCC[C@@H]([NH3+])C(=O)[O-])C(=O)N[C@H](C)C(=O)N[C@H](C)C(=O)[O-])C(=O)[O-])[C@H](NC(C)=O)[C@H]1O
cpd15378,OCc1ccc(O)cc1
cpd00484,O=Cc1ccc(O)cc1
cpd00168,O=C([O-])c1cccc(O)c1O
cpd04918,O=P([O-])([O-])OC[C@@H](O)[C@H]1O[C@@H](O)[C@@H](O)[C@@H](O)[C@@H]1O
cpd04920,O=P([O-])([O-])O[C@@H]1O[C@H]([C@H](O)CO)[C@@H](O)[C@H](O)[C@@H]1O
cpd08316,O=P([O-])([O-])OC[C@@H](O)[C@H]1O[C@@H](OP(=O)([O-])[O-])[C@@H](O)[C@@H](O)[C@@H]1O
cpd03585,CCCCCCCCCCC[C@@H](O)CC(=O)N[C@H]1[C@@H](OP(=O)([O-])[O-])O[C@H](CO[C@@H]2O[C@H](CO[C@]3(C(=O)[O-])C[C@@H](O)[C@@H](O)[C@@H]([C@H](O)CO)O3)[C@@H](OP(=O)([O-])[O-])[C@H](OC(=O)C[C@H](O)CCCCCCCCCCC)[C@H]2NC(=O)C[C@H](O)CCCCCCCCCCC)[C@@H](O)[C@@H]1OC(=O)C[C@H](O)CCCCCCCCCCC
cpd15428,
cpd15504,*OC1O[C@H](CO)[C@@H](O[C@@H]2O[C@H](CO)[C@@H](O[C@@H]3O[C@H](CO)[C@@H](O[C@@H]4O[C@H](CO)[C@@H](O*)[C@H](O)[C@H]4NC(C)=O)[C@H](O[C@H](C)C(=O)N[C@@H](C)C(=O)N[C@H](CCC(=O)N[C@@H](CCC[C@@H]([NH3+])C(=O)[O-])C(=O)N[C@H](C)C(=O)[O-])C(=O)[O-])[C@H]3NC(C)=O)[C@H](O)[C@H]2NC(C)=O)[C@H](O[C@H](C)C(=O)N[C@@H](C)C(=O)N[C@H](CCC(=O)N[C@@H](CCC[C@@H]([NH3+])C(=O)[O-])C(=O)[O-])C(=O)[O-])[C@H]1NC(C)=O
cpd15503,CC(=O)NC1=COC(CO)C2OC3OC(CO)C(OC4OC(CO)C(OC5OC(CO)C(O)C(O)C5NC(C)=O)C(OC(C)C(=O)NC(C)C(=O)NC(CCC(=O)[O-])C(=O)NC(CCCC([NH3+])C(=O)[O-])C(=O)NC(C)C(=O)NC(C(=O)[O-])CCCC(C(=O)[O-])NC(=O)C(CCC(=O)[O-])NC(=O)C(C)NC(=O)C(C)OC12)C4NC(C)=O)C(O)C3NC(C)=O
cpd00108,OC[C@H]1OC(O)[C@H](O)[C@@H](O)[C@H]1O
cpd01031,O=C(CO)[C@H](O)[C@@H](O)[C@H](O)CO
cpd00121,O[C@H]1[C@H](O)[C@@H](O)[C@H](O)[C@@H](O)[C@H]1O
cpd00589,O=C(CO)[C@@H](O)[C@@H](O)[C@H](O)CO
cpd00396,C[C@@H]1OC(O)[C@H](O)[C@H](O)[C@H]1O
cpd00750,C[C@H]1OC(O)[C@H](O)[C@@H](O)[C@H]1O
cpd00751,C[C@@H]1OC(O)[C@@H](O)[C@H](O)[C@@H]1O
cpd03002,CCCCCCCCCCC[C@@H](O)CC(=O)N[C@H]1[C@H](OC[C@H]2O[C@H](OP(=O)([O-])[O-])[C@H](NC(=O)C[C@H](O)CCCCCCCCCCC)[C@@H](OC(=O)C[C@H](O)CCCCCCCCCCC)[C@@H]2O)O[C@H](CO)[C@@H](O)[C@@H]1OC(=O)C[C@H](O)CCCCCCCCCCC
cpd02993,CCCCCCCCCCC[C@@H](O)CC(=O)N[C@H]1[C@@H](OP(=O)([O-])[O-])O[C@H](CO[C@@H]2O[C@H](CO)[C@@H](OP(=O)([O-])[O-])[C@H](OC(=O)C[C@H](O)CCCCCCCCCCC)[C@H]2NC(=O)C[C@H](O)CCCCCCCCCCC)[C@@H](O)[C@@H]1OC(=O)C[C@H](O)CCCCCCCCCCC
cpd15501,*O[C@@H]1[C@@H](CO)O[C@@H](O[C@@H]2[C@@H](CO)O[C@H](O[C@@H]3[C@@H](CO)O[C@@H](O[C@@H]4[C@@H](CO)O[C@H](O*)[C@H](NC(C)=O)[C@H]4O[C@H](C)C(=O)N[C@@H](C)C(=O)N[C@H](CCC(=O)N[C@@H](CCC[C@@H]([NH3+])C(=O)[O-])C(=O)[O-])C(=O)[O-])[C@H](NC(C)=O)[C@H]3O)[C@H](NC(C)=O)[C@H]2O[C@H](C)C(=O)N[C@@H](C)C(=O)N[C@H](CCC(=O)N[C@@H](CCC[C@@H]([NH3+])C(=O)[O-])C(=O)[O-])C(=O)[O-])[C@H](NC(C)=O)[C@H]1O
cpd00817,O=C[C@@H](O)[C@H](O)[C@H](O)COP(=O)([O-])[O-]
cpd00520,O=C([O-])C(=O)C[C@H](O)CO
cpd00340,O=CCCC(=O)C(=O)[O-]
cpd00105,OC[C@H]1OC(O)[C@H](O)[C@@H]1O
cpd00185,OC1OC[C@@H](O)[C@@H](O)[C@@H]1O
cpd00224,OC1OC[C@H](O)[C@H](O)[C@H]1O
cpd01068,OC[C@@H]1OC(O)[C@@H](O)[C@@H]1O
cpd26831,O=C[C@H](O)[C@@H](O)[C@H](O)CO
cpd00306,OC[C@H](O)[C@@H](O)[C@H](O)CO
cpd00368,O=C[C@@H](O)[C@@H](O)[C@H](O)CO
cpd00392,OC[C@H](O)[C@H](O)CO
cpd02835,CCCCCCCCCCC[C@@H](O)CC(=O)N[C@H]1[C@@H](OP(=O)([O-])OP(=O)([O-])OC[C@H]2O[C@@H](n3ccc(=O)[nH]c3=O)[C@H](O)[C@@H]2O)O[C@H](CO)[C@@H](O)[C@@H]1OC(=O)C[C@H](O)CCCCCCCCCCC
cpd15541,
cpd15558,
cpd15534,
cpd00740,C[S+](C)C
cpd15538,
cpd15555,
cpd15531,
cpd02083,Cc1c2[nH]c(c1CCC(=O)[O-])Cc1[nH]c(c(CCC(=O)[O-])c1C)Cc1[nH]c(c(CCC(=O)[O-])c1C)Cc1[nH]c(c(C)c1CCC(=O)[O-])C2
cpd02930,CCCCCCCCCCC[C@@H](O)CC(=O)N[C@H]1[C@@H](OP(=O)([O-])[O-])O[C@H](CO)[C@@H](O)[C@@H]1OC(=O)C[C@H](O)CCCCCCCCCCC
cpd00791,C=Cc1c2[nH]c(c1C)Cc1[nH]c(c(CCC(=O)[O-])c1C)Cc1[nH]c(c(C)c1CCC(=O)[O-])Cc1[nH]c(c(C)c1C=C)C2
cpd01476,C=CC1=C(C)c2cc3[nH]c(cc4nc(cc5[nH]c(cc1n2)c(C)c5CCC(=O)[O-])C(CCC(=O)[O-])=C4C)c(C)c3C=C
cpd03453,O=C(N[C@H]1COC(=O)[C@@H](NC(=O)c2cccc(O)c2O)COC(=O)[C@@H](NC(=O)c2cccc(O)c2O)COC1=O)c1cccc(O)c1O
cpd00450,CSC
cpd15268,
cpd03584,CCCCCCCCCCC[C@@H](O)CC(=O)O[C@H]1[C@H](O)[C@@H](CO)O[C@H](OP(=O)([O-])OP(=O)([O-])OC[C@H]2O[C@@H](n3ccc(=O)[nH]c3=O)[C@H](O)[C@@H]2O)[C@@H]1[NH3+]
cpd11602,OC[C@H]1O[C@H](O[C@]2(CO[C@]3(CO[C@]4(CO)O[C@H](CO)[C@@H](O)[C@@H]4O)O[C@H](CO)[C@@H](O)[C@@H]3O)O[C@H](CO)[C@@H](O)[C@@H]2O)[C@H](O)[C@@H](O)[C@@H]1O
cpd00155,OC[C@H]1O[C@H](OC[C@H]2O[C@H](O[C@@H]3[C@@H](CO)O[C@H](O)[C@H](O)[C@H]3O)[C@H](O)[C@@H](O)[C@@H]2O[C@H]2O[C@H](CO)[C@@H](O)[C@H](O)[C@H]2O)[C@H](O)[C@@H](O)[C@@H]1O
cpd15329,CCCCCCCCCCCCCCCCCC(=O)OC[C@@H](O)COP(=O)([O-])[O-]
cpd15269,
cpd00382,OC[C@H]1O[C@@](CO)(O[C@H]2O[C@H](CO[C@H]3O[C@H](CO)[C@H](O)[C@H](O)[C@H]3O)[C@@H](O)[C@H](O)[C@H]2O)[C@@H](O)[C@@H]1O
cpd05161,OC[C@H]1O[C@H](O[C@H]2[C@H](O)[C@@H](CO)O[C@@]2(CO)O[C@H]2O[C@H](CO)[C@@H](O)[C@H](O)[C@H]2O)[C@H](O)[C@@H](O)[C@@H]1O
cpd03830,Nc1ncnc2c1ncn2[C@@H]1O[C@H](COP(=O)([O-])OP(=O)([O-])O[C@@H]2O[C@H]([C@H](O)CO)[C@@H](O)[C@H](O)[C@@H]2O)[C@@H](O)[C@H]1O
cpd03831,Nc1ncnc2c1ncn2[C@@H]1O[C@H](COP(=O)([O-])OP(=O)([O-])O[C@@H]2O[C@H]([C@@H](O)CO)[C@@H](O)[C@H](O)[C@@H]2O)[C@@H](O)[C@H]1O
cpd02546,Nc1ccn([C@@H]2O[C@H](COP(=O)([O-])O[C@]3(C(=O)[O-])C[C@@H](O)[C@@H](O)[C@@H]([C@H](O)CO)O3)[C@@H](O)[C@H]2O)c(=O)n1
cpd15432,CCCCCCCCCCCCCC(=O)O[C@H](CCCCCCCCCCC)CC(=O)O[C@H]1[C@H](OP(=O)([O-])[O-])C(COC2(C(=O)[O-])CC(OC3(C(=O)[O-])CC(OC4(C(=O)[O-])CC(O)C(O)C(C(O)CO)O4)C(OC4OC(C)C(O)C(O)C4O)C(C(O)CO)O3)C(OC3OC(C(O)CO)C(OP(=O)([O-])[O-])C(OC4OC(C(O)COC5OC(C(O)CO)C(O)C(O)C5O)C(OP(=O)([O-])[O-])C(OC5OC(COC6OC(CO)C(O)C(O)C6O)C(O)C(OC6OC(CO)C(O)C(O)C6OC6OC(COC7OC(C(O)CO)C(O)C(O)C7O)C(O)C(O)C6O)C5O)C4O)C3O)C(C(O)CO)O2)O[C@@H](OC[C@H]2OC(OP(=O)([O-])[O-])[C@H](NC(=O)C[C@H](O)CCCCCCCCCCC)[C@@H](OC(=O)C[C@H](O)CCCCCCCCCCC)[C@@H]2O)[C@@H]1NC(=O)C[C@@H](CCCCCCCCCCC)OC(=O)CCCCCCCCCCC
cpd15477,CCCCCCCCCCCCCC(=O)O[C@H](CCCCCCCCCCC)CC(=O)O[C@H]1[C@H](OP(=O)([O-])[O-])[C@@H](CO[C@]2(C(=O)[O-])C[C@@H](O[C@]3(C(=O)[O-])C[C@@H](O[C@]4(C(=O)[O-])C[C@@H](O)[C@@H](O[C@@H]5O[C@@H](C)[C@H](O)[C@@H](O)[C@H]5O)[C@@H]([C@H](O)CO)O4)[C@@H](O)[C@@H]([C@H](O)CO)O3)[C@@H](O[C@H]3O[C@H]([C@H](O)CO)[C@@H](OP(=O)([O-])[O-])[C@H](O[C@@H]4O[C@H]([C@H](O)CO[C@H]5O[C@H]([C@@H](O)CO)[C@@H](O)[C@H](O)[C@@H]5O)[C@@H](OP(=O)([O-])[O-])[C@H](O[C@@H]5O[C@H](CO[C@@H]6O[C@H](CO)[C@H](O)[C@H](O)[C@H]6O)[C@@H](O)[C@H](O[C@@H]6O[C@H](CO)[C@@H](O)[C@H](O)[C@H]6O[C@@H]6O[C@H](CO)[C@@H](O)[C@H](O)[C@H]6O)[C@H]5O)[C@@H]4O)[C@@H]3O)[C@@H]([C@H](O)CO)O2)O[C@@H](OC[C@H]2O[C@H](OP(=O)([O-])[O-])[C@H](NC(=O)C[C@H](O)CCCCCCCCCCC)[C@@H](OC(=O)C[C@H](O)CCCCCCCCCCC)[C@@H]2O)[C@@H]1NC(=O)C[C@@H](CCCCCCCCCCC)OC(=O)CCCCCCCCCCC
cpd15475,CCCCCCCCCCCCCC(=O)O[C@H](CCCCCCCCCCC)CC(=O)O[C@H]1[C@H](OP(=O)([O-])[O-])[C@@H](CO[C@]2(C(=O)[O-])C[C@@H](O[C@]3(C(=O)[O-])C[C@@H](O[C@]4(C(=O)[O-])C[C@@H](O)[C@@H](O[C@@H]5O[C@@H](C)[C@H](O)[C@@H](O)[C@H]5O)[C@@H]([C@H](O)CO)O4)[C@@H](O)[C@@H]([C@H](O)CO)O3)[C@@H](O[C@H]3O[C@H]([C@H](O)CO)[C@@H](OP(=O)([O-])[O-])[C@H](O[C@@H]4O[C@H]([C@H](O)CO[C@H]5O[C@H]([C@@H](O)CO)[C@@H](O)[C@H](O)[C@@H]5O)[C@@H](OP(=O)([O-])[O-])[C@H](O[C@@H]5O[C@H](CO[C@@H]6O[C@H](CO)[C@H](O)[C@H](O)[C@H]6O)[C@@H](O)[C@H](O[C@@H]6O[C@H](CO)[C@@H](O)[C@H](O)[C@H]6O)[C@H]5O)[C@@H]4O)[C@@H]3O)[C@@H]([C@H](O)CO)O2)O[C@@H](OC[C@H]2O[C@H](OP(=O)([O-])[O-])[C@H](NC(=O)C[C@H](O)CCCCCCCCCCC)[C@@H](OC(=O)C[C@H](O)CCCCCCCCCCC)[C@@H]2O)[C@@H]1NC(=O)C[C@@H](CCCCCCCCCCC)OC(=O)CCCCCCCCCCC
cpd06159,O=c1ccc2cc(O[C@@H]3O[C@H](CO)[C@@H](O)[C@H](O)[C@H]3O)c(O)cc2o1
cpd15469,CCCCCCCCCCCCCC(=O)O[C@H](CCCCCCCCCCC)CC(=O)O[C@H]1[C@H](OP(=O)([O-])[O-])[C@@H](CO[C@]2(C(=O)[O-])C[C@@H](O[C@]3(C(=O)[O-])C[C@@H](O[C@]4(C(=O)[O-])C[C@@H](O)[C@@H](O[C@@H]5O[C@@H](C)[C@H](O)[C@@H](O)[C@H]5O)[C@@H]([C@H](O)CO)O4)[C@@H](O)[C@@H]([C@H](O)CO)O3)[C@@H](O[C@H]3O[C@H]([C@H](O)CO)[C@@H](OP(=O)([O-])[O-])[C@H](O[C@@H]4O[C@H]([C@H](O)CO[C@H]5O[C@H]([C@@H](O)CO)[C@@H](O)[C@H](O)[C@@H]5O)[C@@H](OP(=O)([O-])[O-])[C@H](O[C@@H]5O[C@H](CO[C@@H]6O[C@H](CO)[C@H](O)[C@H](O)[C@H]6O)[C@@H](O)[C@H](O)[C@H]5O)[C@@H]4O)[C@@H]3O)[C@@H]([C@H](O)CO)O2)O[C@@H](OC[C@H]2O[C@H](OP(=O)([O-])[O-])[C@H](NC(=O)C[C@H](O)CCCCCCCCCCC)[C@@H](OC(=O)C[C@H](O)CCCCCCCCCCC)[C@@H]2O)[C@@H]1NC(=O)C[C@@H](CCCCCCCCCCC)OC(=O)CCCCCCCCCCC
cpd15479,CCCCCCCCCCCCCC(=O)O[C@H](CCCCCCCCCCC)CC(=O)O[C@H]1[C@H](OP(=O)([O-])[O-])[C@@H](CO[C@]2(C(=O)[O-])C[C@@H](O[C@]3(C(=O)[O-])C[C@@H](O[C@]4(C(=O)[O-])C[C@@H](O)[C@@H](O[C@@H]5O[C@@H](C)[C@H](O)[C@@H](O)[C@H]5O)[C@@H]([C@H](O)CO)O4)[C@@H](O)[C@@H]([C@H](O)CO)O3)[C@@H](O[C@H]3O[C@H]([C@H](O)CO)[C@@H](OP(=O)([O-])[O-])[C@H](O[C@@H]4O[C@H]([C@H](O)CO[C@H]5O[C@H]([C@@H](O)CO)[C@@H](O)[C@H](O)[C@@H]5O)[C@@H](OP(=O)([O-])[O-])[C@H](O[C@@H]5O[C@H](CO)[C@@H](O)[C@H](O)[C@H]5O)[C@@H]4O)[C@@H]3O)[C@@H]([C@H](O)CO)O2)O[C@@H](OC[C@H]2O[C@H](OP(=O)([O-])[O-])[C@H](NC(=O)C[C@H](O)CCCCCCCCCCC)[C@@H](OC(=O)C[C@H](O)CCCCCCCCCCC)[C@@H]2O)[C@@H]1NC(=O)C[C@@H](CCCCCCCCCCC)OC(=O)CCCCCCCCCCC
cpd15489,
cpd15492,CCCCCCCCCCCCCC(=O)O[C@H](CCCCCCCCCCC)CC(=O)O[C@H]1[C@H](OP(=O)([O-])[O-])[C@@H](CO[C@]2(C(=O)[O-])C[C@@H](O[C@]3(C(=O)[O-])C[C@@H](O[C@]4(C(=O)[O-])C[C@@H](O)[C@@H](O)[C@@H]([C@H](O)CO)O4)[C@@H](O)[C@@H]([C@H](O)CO)O3)[C@@H](O[C@H]3O[C@H]([C@H](O)CO)[C@@H](OP(=O)([O-])[O-])[C@H](O[C@@H]4O[C@H]([C@H](O)CO[C@H]5O[C@H]([C@@H](O)CO)[C@@H](O)[C@H](O)[C@@H]5O)[C@@H](OP(=O)([O-])[O-])[C@H](O)[C@@H]4O)[C@@H]3O)[C@@H]([C@H](O)CO)O2)O[C@@H](OC[C@H]2O[C@H](OP(=O)([O-])[O-])[C@H](NC(=O)C[C@H](O)CCCCCCCCCCC)[C@@H](OC(=O)C[C@H](O)CCCCCCCCCCC)[C@@H]2O)[C@@H]1NC(=O)C[C@@H](CCCCCCCCCCC)OC(=O)CCCCCCCCCCC
cpd15488,CCCCCCCCCCCCCC(=O)O[C@H](CCCCCCCCCCC)CC(=O)O[C@H]1[C@H](OP(=O)([O-])[O-])[C@@H](CO[C@]2(C(=O)[O-])C[C@@H](O[C@]3(C(=O)[O-])C[C@@H](O)[C@@H](O)[C@@H]([C@H](O)CO)O3)[C@@H](O[C@H]3O[C@H]([C@@H](O)CO)[C@@H](O)[C@H](O[C@@H]4O[C@H]([C@H](O)CO[C@H]5O[C@H]([C@@H](O)CO)[C@@H](O)[C@H](O)[C@@H]5O)[C@@H](OP(=O)([O-])[O-])[C@H](O)[C@@H]4O)[C@@H]3O)[C@@H]([C@H](O)CO)O2)O[C@@H](OC[C@H]2O[C@H](OP(=O)([O-])[O-])[C@H](NC(=O)C[C@H](O)CCCCCCCCCCC)[C@@H](OC(=O)C[C@H](O)CCCCCCCCCCC)[C@@H]2O)[C@@H]1NC(=O)C[C@@H](CCCCCCCCCCC)OC(=O)CCCCCCCCCCC
cpd15550,CCCCCCCCCCCCCC(=O)O[C@H](CCCCCCCCCCC)CC(=O)O[C@H]1[C@H](OP(=O)([O-])[O-])[C@@H](CO[C@]2(C(=O)[O-])C[C@@H](O[C@]3(C(=O)[O-])C[C@@H](O)[C@@H](O)[C@@H]([C@H](O)CO)O3)[C@@H](O[C@H]3O[C@H]([C@@H](O)CO)[C@@H](OP(=O)([O-])[O-])[C@H](O[C@@H]4O[C@H]([C@H](O)CO[C@H]5O[C@H]([C@@H](O)CO)[C@@H](O)[C@H](O)[C@@H]5O)[C@@H](OP(=O)([O-])[O-])[C@H](O)[C@@H]4O)[C@@H]3O)[C@@H]([C@H](O)CO)O2)O[C@@H](OC[C@H]2O[C@H](OP(=O)([O-])[O-])[C@H](NC(=O)C[C@H](O)CCCCCCCCCCC)[C@@H](OC(=O)C[C@H](O)CCCCCCCCCCC)[C@@H]2O)[C@@H]1NC(=O)C[C@@H](CCCCCCCCCCC)OC(=O)CCCCCCCCCCC
cpd20885,OC[C@H]1O[C@H](O[C@H]2[C@H](O)[C@H](O)CO[C@]2(O)CO)[C@H](O)[C@@H](O)[C@@H]1O
cpd03844,OC[C@H]1O[C@@H](O[C@@H]2[C@@H](CO)O[C@H](O)[C@H](O)[C@H]2O)[C@H](O)[C@@H](O)[C@@H]1O
cpd01354,OC[C@H]1O[C@@H](O)[C@H](O)[C@@H](O)[C@@H]1O[C@@H]1O[C@H](CO)[C@H](O)[C@H](O)[C@H]1O
cpd03198,OC[C@H]1O[C@H](OC[C@H]2OC(O)[C@H](O)[C@@H](O)[C@@H]2O)[C@H](O)[C@@H](O)[C@H]1O
cpd00208,OC[C@H]1OC(O)[C@H](O)[C@@H](O)[C@@H]1O[C@@H]1O[C@H](CO)[C@H](O)[C@H](O)[C@H]1O
cpd08865,OC[C@H]1O[C@H](Oc2ccc(O)cc2)[C@H](O)[C@@H](O)[C@@H]1O
cpd15484,CCCCCCCCCCCCCC(=O)O[C@H](CCCCCCCCCCC)CC(=O)O[C@H]1[C@H](OP(=O)([O-])[O-])[C@@H](CO[C@]2(C(=O)[O-])C[C@@H](O[C@]3(C(=O)[O-])C[C@@H](O)[C@@H](O)[C@@H]([C@H](O)CO)O3)[C@@H](O[C@H]3O[C@H]([C@@H](O)CO)[C@@H](O)[C@H](O[C@@H]4O[C@H]([C@H](O)CO)[C@@H](O)[C@H](O)[C@@H]4O)[C@@H]3O)[C@@H]([C@H](O)CO)O2)O[C@@H](OC[C@H]2O[C@H](OP(=O)([O-])[O-])[C@H](NC(=O)C[C@H](O)CCCCCCCCCCC)[C@@H](OC(=O)C[C@H](O)CCCCCCCCCCC)[C@@H]2O)[C@@H]1NC(=O)C[C@@H](CCCCCCCCCCC)OC(=O)CCCCCCCCCCC
cpd15549,CCCCCCCCCCCCCC(=O)O[C@H](CCCCCCCCCCC)CC(=O)O[C@H]1[C@H](OP(=O)([O-])[O-])[C@@H](CO[C@]2(C(=O)[O-])C[C@@H](O[C@]3(C(=O)[O-])C[C@@H](O)[C@@H](O)[C@@H]([C@H](O)CO)O3)[C@@H](O[C@H]3O[C@H]([C@@H](O)CO)[C@@H](O)[C@H](O[C@@H]4O[C@H]([C@H](O)CO)[C@@H](OP(=O)([O-])[O-])[C@H](O)[C@@H]4O)[C@@H]3O)[C@@H]([C@H](O)CO)O2)O[C@@H](OC[C@H]2O[C@H](OP(=O)([O-])[O-])[C@H](NC(=O)C[C@H](O)CCCCCCCCCCC)[C@@H](OC(=O)C[C@H](O)CCCCCCCCCCC)[C@@H]2O)[C@@H]1NC(=O)C[C@@H](CCCCCCCCCCC)OC(=O)CCCCCCCCCCC
cpd15512,*O[C@@H]1[C@@H](CO)O[C@@H](O[C@@H]2[C@@H](CO)O[C@@H](O[C@@H]3[C@@H](CO)O[C@@H](O[C@@H]4[C@@H](CO)O[C@@H](O[C@@H]5[C@@H](CO)O[C@@H](O[C@@H]6[C@@H](CO)O[C@H](O*)[C@H](NC(C)=O)[C@H]6O[C@H](C)C(=O)N[C@@H](C)C(=O)N[C@H](CCC(=O)N[C@@H](CCC[C@@H]([NH3+])C(=O)[O-])C(=O)N[C@H](C)C(=O)N[C@H](C)C(=O)[O-])C(=O)[O-])[C@H](NC(C)=O)[C@H]5O)[C@H](NC(C)=O)[C@H]4O[C@H](C)C(=O)N[C@@H](C)C(=O)N[C@H](CCC(=O)N[C@@H](CCC[C@@H]([NH3+])C(=O)[O-])C(=O)N[C@H](C)C(=O)N[C@H](C)C(=O)[O-])C(=O)[O-])[C@H](NC(C)=O)[C@H]3O)[C@H](NC(C)=O)[C@H]2O[C@H](C)C(=O)N[C@@H](C)C(=O)N[C@H](CCC(=O)N[C@@H](CCC[C@@H]([NH3+])C(=O)[O-])C(=O)N[C@H](C)C(=O)N[C@H](C)C(=O)[O-])C(=O)[O-])[C@H](NC(C)=O)[C@H]1O
cpd15485,CCCCCCCCCCCCCC(=O)O[C@H](CCCCCCCCCCC)CC(=O)O[C@H]1[C@H](OP(=O)([O-])[O-])[C@@H](CO[C@]2(C(=O)[O-])C[C@@H](O[C@]3(C(=O)[O-])C[C@@H](O)[C@@H](O)[C@@H]([C@H](O)CO)O3)[C@@H](O[C@H]3O[C@H]([C@@H](O)CO)[C@@H](O)[C@H](O)[C@@H]3O)[C@@H]([C@H](O)CO)O2)O[C@@H](OC[C@H]2O[C@H](OP(=O)([O-])[O-])[C@H](NC(=O)C[C@H](O)CCCCCCCCCCC)[C@@H](OC(=O)C[C@H](O)CCCCCCCCCCC)[C@@H]2O)[C@@H]1NC(=O)C[C@@H](CCCCCCCCCCC)OC(=O)CCCCCCCCCCC
cpd15515,CC(=O)NC1=COC(CO)C2OC3OC(CO)C(OC4OC(CO)C5OC6OC(CO)C(OC7OC(CO)C(OC8OC(CO)C(O)C(O)C8NC(C)=O)C(OC(C)C(=O)NC(C)C(=O)NC(CCC(=O)[O-])C(=O)NC(CCCC([NH3+])C(=O)[O-])C(=O)NC(C)C(=O)NC(C(=O)[O-])CCCC(NC(=O)C(CCC(=O)[O-])NC(=O)C(C)NC(=O)C(C)OC5C4NC(C)=O)C(=O)NC(C)C(=O)NC(C(=O)[O-])CCCC(C(=O)NC(C)C(=O)NC(C)C(=O)[O-])NC(=O)C(CCC(=O)[O-])NC(=O)C(C)NC(=O)C(C)OC12)C7NC(C)=O)C(O)C6NC(C)=O)C(O)C3NC(C)=O
cpd03587,CCCCCCCCCCCCCC(=O)O[C@H](CCCCCCCCCCC)CC(=O)O[C@H]1[C@H](OP(=O)([O-])[O-])[C@@H](CO[C@]2(C(=O)[O-])C[C@@H](O[C@]3(C(=O)[O-])C[C@@H](O)[C@@H](O)[C@@H]([C@H](O)CO)O3)[C@@H](O)[C@@H]([C@H](O)CO)O2)O[C@@H](OC[C@H]2O[C@H](OP(=O)([O-])[O-])[C@H](NC(=O)C[C@H](O)CCCCCCCCCCC)[C@@H](OC(=O)C[C@H](O)CCCCCCCCCCC)[C@@H]2O)[C@@H]1NC(=O)C[C@@H](CCCCCCCCCCC)OC(=O)CCCCCCCCCCC
cpd00193,Nc1ncnc2c1ncn2[C@@H]1O[C@H](COP(=O)([O-])OS(=O)(=O)[O-])[C@@H](O)[C@H]1O
